# Derived from google/mozc symbol.tsv, revision 9fbd649bea4c5e99cd8ad5e487213b26a953a376
# Copyright 2010-2018, Google Inc. All rights reserved.
# License: BSD-3-Clause; see THIRD_PARTY_LICENSES for full terms.
# azooKey porter version: 1
"	きごう|くぉーと|だぶるくぉーてしょん|だぶるくおーてーしょん|だぶるくおーと	ダブルクオーテーション	2010
'	あぽすとろふぃ|きごう|くぉーと	アポストロフィ	2008
(土)	ど|どよう|どようび	土曜日	978
(日)	にち|にちよう|にちようび	日曜日	977
(月)	げつ|げつよう|げつようび	月曜日	983
(木)	もく|もくよう|もくようび	木曜日	980
(水)	すい|すいよう|すいようび	水曜日	981
(汗)	あせ	汗	686
(泣)	なき|なく	泣	687
(火)	か|かよう|かようび	火曜日	982
(笑)	わら	笑	690
(金)	きん|きんよう|きんようび	金曜日	979
-	きごう|はいふん|まいなす|ー	ハイフン マイナス	1988
\	きごう|ぎゃくしゃせん|しゃせん|すらっしゅ|ななめ|ばっくすらっしゅ	バックスラッシュ	1981
w	わら	笑	689
www	くさ|わら	笑	688
~	きごう|ちるだ	チルダ	2004
¢	せんと|たんい|つうか	通貨記号	1918
£	たんい|つうか|ぽんど	通貨記号	1917
¤	こくさいつうかきごう|たんい|つうか	通貨記号	1145
¥	えん|たんい|つうか	通貨記号	1920
§	きごう|せくしょん|だんらく	段落記号	1910
¨	うむらうと|きごう|とれま	ウムラウト／トレマ	2007
©	こぴーらいと|ちょさくけん|まるしー	コピーライト	1393
«	ぎゅめ	始め二重山括弧・ギュメ	1968
«»	かっこ|ぎゅめ|やまかっこ	二重山括弧・ギュメ	1956
¬	きごう|けいさん|しゅうごう|すうがく|のっと|ひてい	否定	1847
®	とうろくしょうひょう|とれーどまーく|まるあーる	登録商標	1392
¯	きごう|まくろん	マクロン	2003
°	きごう|たんい|ど	度	1927
°C	せっし|たんい|ど|どしー	摂氏温度	1923
°F	かし|どえふ	華氏温度	1922
±	きごう|すうがく|ぷらすまいなす|ぷらまい	正または負記号	1946
²	うえつき|うわつき	上付き文字	885
³	うえつき|うわつき	上付き文字	884
´	あきゅーと|きごう	アキュートアクセント	2009
¶	きごう|せくしょん|だんらく|だんらくきごう|ぱらぐらふ	段落記号	1909
¹	うえつき|うわつき	上付き文字	886
»	ぎゅめ	終わり二重山括弧・ギュメ	1967
À	ぐらーぶ	グラーブ付き文字	1251
Á	あきゅーと	アキュート付き文字	1267
Â	さーかむふれっくす|はっと	サーカムフレックス(ハット)付き文字	1241
Ã	ちるだ	チルダ付き文字	1223
Ä	うむらうと|とれま	ウムラウト／トレマ付き文字	1257
Å	りんぐ	リング付き文字	1166
Æ	あっしゅ|ごうじ|にじゅうぼいん	二重母音 合字	1164
Ç	せでぃーゆ	セディーユ付き文字	1229
È	ぐらーぶ	グラーブ付き文字	1250
É	あきゅーと	アキュート付き文字	1266
Ê	さーかむふれっくす|はっと	サーカムフレックス(ハット)付き文字	1240
Ë	うむらうと|とれま	トレマ付き文字	1217
Ì	ぐらーぶ	グラーブ付き文字	1249
Í	あきゅーと	アキュート付き文字	1265
Î	さーかむふれっくす|はっと	サーカムフレックス(ハット)付き文字	1239
Ï	うむらうと|とれま	トレマ付き文字	1216
Ñ	ちるだ	チルダ付き文字	1222
Ò	ぐらーぶ	グラーブ付き文字	1248
Ó	あきゅーと	アキュート付き文字	1264
Ô	さーかむふれっくす|はっと	サーカムフレックス(ハット)付き文字	1238
Õ	ちるだ	チルダ付き文字	1221
Ö	うむらうと|とれま	ウムラウト／トレマ付き文字	1256
×	かける|きごう|すうがく|ばつ|ぺけ	乗算記号	1944
Ø	すらっしゅ	スラッシュ付き文字	1231
Ù	ぐらーぶ	グラーブ付き文字	1247
Ú	あきゅーと	アキュート付き文字	1263
Û	さーかむふれっくす|はっと	サーカムフレックス(ハット)付き文字	1237
Ü	うむらうと|とれま	ウムラウト／トレマ付き文字	1255
ß	えすつぇっと|ごうじ	エスツェット 合字	1162
à	ぐらーぶ	グラーブ付き文字	1246
á	あきゅーと	アキュート付き文字	1262
â	さーかむふれっくす|はっと	サーカムフレックス(ハット)付き文字	1236
ã	ちるだ	チルダ付き文字	1220
ä	うむらうと|とれま	ウムラウト／トレマ付き文字	1254
å	りんぐ	リング付き文字	1165
æ	あっしゅ|ごうじ|にじゅうぼいん|はつおんきごう	発音記号 二重母音 合字	1163
ç	せでぃーゆ	セディーユ付き文字	1228
è	ぐらーぶ	グラーブ付き文字	1245
é	あきゅーと	アキュート付き文字	1261
ê	さーかむふれっくす|はっと	サーカムフレックス(ハット)付き文字	1235
ë	うむらうと|とれま	トレマ付き文字	1215
ì	ぐらーぶ	グラーブ付き文字	1244
í	あきゅーと	アキュート付き文字	1260
î	さーかむふれっくす|はっと	サーカムフレックス(ハット)付き文字	1234
ï	うむらうと|とれま	トレマ付き文字	1214
ð	えす|えず|はつおんきごう	発音記号	1152
ñ	ちるだ	チルダ付き文字	1219
ò	ぐらーぶ	グラーブ付き文字	1243
ó	あきゅーと	アキュート付き文字	1259
ô	さーかむふれっくす|はっと	サーカムフレックス(ハット)付き文字	1233
õ	ちるだ	チルダ付き文字	1218
ö	うむらうと|とれま	ウムラウト／トレマ付き文字	1253
÷	きごう|すうがく|わる	除算記号	1943
ø	すらっしゅ	スラッシュ付き文字	1230
ù	ぐらーぶ	グラーブ付き文字	1242
ú	あきゅーと	アキュート付き文字	1258
û	さーかむふれっくす|はっと	サーカムフレックス(ハット)付き文字	1232
ü	うむらうと|とれま	ウムラウト／トレマ付き文字	1252
ÿ	うむらうと|とれま	トレマ付き文字	1213
Ā	まくろん	マクロン付き文字	1188
ā	まくろん	マクロン付き文字	1177
Ē	まくろん	マクロン付き文字	1185
ē	まくろん	マクロン付き文字	1174
Ī	まくろん	マクロン付き文字	1183
ī	まくろん	マクロン付き文字	1172
ŋ	えん|えんぐ|はつおんきごう	発音記号	1151
Ō	まくろん	マクロン付き文字	1182
ō	まくろん	マクロン付き文字	1171
Ő	だぶるあきゅーと	ダブルアキュート付き文字	1227
ő	だぶるあきゅーと	ダブルアキュート付き文字	1225
Ū	まくろん	マクロン付き文字	1180
ū	まくろん	マクロン付き文字	1169
Ű	だぶるあきゅーと	ダブルアキュート付き文字	1226
ű	だぶるあきゅーと	ダブルアキュート付き文字	1224
Ơ	ほーん	ホーン付き文字	1212
ơ	ほーん	ホーン付き文字	1200
Ư	ほーん	ホーン付き文字	1211
ư	ほーん	ホーン付き文字	1199
Ǖ	まくろん	マクロン付き文字	1179
ǖ	まくろん	マクロン付き文字	1168
Ǟ	まくろん	マクロン付き文字	1187
ǟ	まくろん	マクロン付き文字	1176
Ǣ	まくろん	マクロン付き文字	1186
ǣ	まくろん	マクロン付き文字	1175
Ȫ	まくろん	マクロン付き文字	1181
ȫ	まくろん	マクロン付き文字	1170
Ȳ	まくろん	マクロン付き文字	1178
ȳ	まくろん	マクロン付き文字	1167
ɑ	えい|えー|はつおんきごう|ぶろーどあ|ぶろーどえい|ぶろーどえー	発音記号	1160
ɒ	はつおんきごう	発音記号	1159
ɔ	おーぷんおー|はつおんきごう	発音記号	1155
ə	あいまいぼいん|しゅわ|しゅわー|はつおんきごう	発音記号	1157
ɚ	あいまいぼいん|しゅわ|しゅわー|はつおんきごう|ふっくとしゅわ|ふっくとしゅわー|ふっくどしゅわ|ふっくどしゅわー	発音記号	1156
ɪ	はつおんきごう	発音記号	1154
ʃ	えしゅ|はつおんきごう	発音記号	1150
ʊ	はつおんきごう|ゆぷしろん	発音記号	1153
ʌ	いんばーてぃっどぶい|いんばーてっどぶい|いんゔぁーてぃっどゔぃー|いんゔぁーてっどゔぃー|うぇっじ|はつおんきごう	発音記号	1158
ʒ	えじゅ|えっじゅ|はつおんきごう	発音記号	1149
ʤ	はつおんきごう	発音記号	1147
ʧ	はつおんきごう	発音記号	1148
ː	ちょうぼいん|はつおんきごう	発音記号	1146
˝	だぶるあきゅーと	ダブルアキュート	2005
Α	あるふぁ|ぎりしゃ	ギリシャ文字	1805
Β	ぎりしゃ|べーた	ギリシャ文字	1804
Γ	がんま|がんまー|ぎりしゃ	ギリシャ文字	1803
Δ	ぎりしゃ|でるた	ギリシャ文字	1802
Ε	いぷしろん|ぎりしゃ	ギリシャ文字	1801
Ζ	ぎりしゃ|じーた|ぜーた|つぇーた	ギリシャ文字	1800
Η	いーた|えーた|ぎりしゃ	ギリシャ文字	1799
Θ	ぎりしゃ|しーた|てーた	ギリシャ文字	1798
Ι	いおた|ぎりしゃ	ギリシャ文字	1797
Κ	かっぱ|ぎりしゃ	ギリシャ文字	1796
Λ	ぎりしゃ|らむだ	ギリシャ文字	1795
Μ	ぎりしゃ|みゅー	ギリシャ文字	1794
Ν	ぎりしゃ|にゅー	ギリシャ文字	1793
Ξ	ぎりしゃ|くさい|くしい|くしー|ぐざい	ギリシャ文字	1792
Ο	おみくろん|ぎりしゃ	ギリシャ文字	1791
Π	ぎりしゃ|ぱい	ギリシャ文字	1790
Ρ	ぎりしゃ|ろー	ギリシャ文字	1789
Σ	ぎりしゃ|しぐま	ギリシャ文字	1788
Τ	ぎりしゃ|たう	ギリシャ文字	1787
Υ	いぷしろん|うぷしろん|ぎりしゃ|ゆぷしろん	ギリシャ文字	1786
Φ	ぎりしゃ|ふぁい	ギリシャ文字	1785
Χ	かい|ぎりしゃ	ギリシャ文字	1784
Ψ	ぎりしゃ|ぷさい|ぷしー	ギリシャ文字	1783
Ω	おめが|おーむ|ぎりしゃ	ギリシャ文字	1782
α	あるふぁ|ぎりしゃ	ギリシャ文字	1781
β	ぎりしゃ|べーた	ギリシャ文字	1780
γ	がんま|がんまー|ぎりしゃ	ギリシャ文字	1779
δ	ぎりしゃ|でるた	ギリシャ文字	1778
ε	いぷしろん|ぎりしゃ	ギリシャ文字	1777
ζ	ぎりしゃ|じーた|ぜーた|つぇーた	ギリシャ文字	1776
η	いーた|えーた|ぎりしゃ	ギリシャ文字	1775
θ	ぎりしゃ|しーた|てーた	ギリシャ文字	1774
ι	いおた|ぎりしゃ	ギリシャ文字	1773
κ	かっぱ|ぎりしゃ	ギリシャ文字	1772
λ	ぎりしゃ|らむだ	ギリシャ文字	1771
μ	ぎりしゃ|まいくろ|みくろん|みゅー	ギリシャ文字	1770
ν	ぎりしゃ|にゅー	ギリシャ文字	1769
ξ	ぎりしゃ|くさい|くしい|くしー|ぐざい	ギリシャ文字	1768
ο	おみくろん|ぎりしゃ	ギリシャ文字	1767
π	ぎりしゃ|ぱい	ギリシャ文字	1766
ρ	ぎりしゃ|ろー	ギリシャ文字	1765
ς	ぎりしゃ|しぐま	ギリシャ文字	1763
σ	ぎりしゃ|しぐま	ギリシャ文字	1764
τ	ぎりしゃ|たう	ギリシャ文字	1762
υ	いぷしろん|うぷしろん|ぎりしゃ|ゆぷしろん	ギリシャ文字	1761
φ	ぎりしゃ|ふぁい	ギリシャ文字	1760
χ	かい|ぎりしゃ	ギリシャ文字	1759
ψ	ぎりしゃ|ぷさい|ぷしー	ギリシャ文字	1758
ω	おめが|おーむ|ぎりしゃ	ギリシャ文字	1757
Ё	ぃよー|きりる|よー|ろしあ	キリル文字	1750
А	あー|きりる|ろしあ	キリル文字	1756
Б	きりる|べー|ろしあ	キリル文字	1755
В	きりる|ろしあ|ゔぇー	キリル文字	1754
Г	きりる|げー|ろしあ	キリル文字	1753
Д	きりる|でー|ろしあ	キリル文字	1752
Е	ぃえー|いぇー|きりる|ろしあ	キリル文字	1751
Ж	きりる|じぇー|ろしあ	キリル文字	1749
З	きりる|ぜぇー|ぜー|ろしあ	キリル文字	1748
И	いー|きりる|ろしあ	キリル文字	1747
Й	いー|きりる|ろしあ	キリル文字	1746
К	かー|きりる|ろしあ	キリル文字	1745
Л	える|きりる|ろしあ	キリル文字	1744
М	えむ|きりる|ろしあ	キリル文字	1743
Н	えぬ|きりる|ろしあ	キリル文字	1742
О	おー|きりる|ろしあ	キリル文字	1741
П	きりる|ぺー|ろしあ	キリル文字	1740
Р	える|きりる|ろしあ	キリル文字	1739
С	えす|きりる|ろしあ	キリル文字	1738
Т	きりる|てー|ろしあ	キリル文字	1737
У	うー|きりる|ろしあ	キリル文字	1736
Ф	えふ|きりる|ふぃたー|ろしあ	キリル文字	1735
Х	きりる|はー|ろしあ	キリル文字	1734
Ц	きりる|つぇー|ろしあ	キリル文字	1733
Ч	きりる|ちぇー|ろしあ	キリル文字	1732
Ш	きりる|しゃー|ろしあ	キリル文字	1731
Щ	きりる|ししゃー|しちゃー|ろしあ	キリル文字	1730
Ъ	きりる|ろしあ	キリル文字	1729
Ы	うぃ|きりる|ろしあ	キリル文字	1728
Ь	きりる|ろしあ	キリル文字	1727
Э	えー|きりる|ろしあ	キリル文字	1726
Ю	きりる|ゆー|ろしあ	キリル文字	1725
Я	きりる|やー|ろしあ	キリル文字	1724
а	あー|きりる|ろしあ	キリル文字	1723
б	きりる|べー|ろしあ	キリル文字	1722
в	きりる|ろしあ|ゔぇー	キリル文字	1721
г	きりる|げー|ろしあ	キリル文字	1720
д	きりる|でー|ろしあ	キリル文字	1719
е	ぃえー|いぇー|きりる|ろしあ	キリル文字	1718
ж	きりる|じぇー|ろしあ	キリル文字	1716
з	きりる|ぜぇー|ぜー|ろしあ	キリル文字	1715
и	いー|きりる|ろしあ	キリル文字	1714
й	いー|きりる|ろしあ	キリル文字	1713
к	かー|きりる|ろしあ	キリル文字	1712
л	える|きりる|ろしあ	キリル文字	1711
м	えむ|きりる|ろしあ	キリル文字	1710
н	えぬ|きりる|ろしあ	キリル文字	1709
о	おー|きりる|ろしあ	キリル文字	1708
п	きりる|ぺー|ろしあ	キリル文字	1707
р	える|きりる|ろしあ	キリル文字	1706
с	えす|きりる|ろしあ	キリル文字	1705
т	きりる|てー|ろしあ	キリル文字	1704
у	うー|きりる|ろしあ	キリル文字	1703
ф	えふ|きりる|ふぃたー|ろしあ	キリル文字	1702
х	きりる|はー|ろしあ	キリル文字	1701
ц	きりる|つぇー|ろしあ	キリル文字	1700
ч	きりる|ちぇー|ろしあ	キリル文字	1699
ш	きりる|しゃー|ろしあ	キリル文字	1698
щ	きりる|ししゃー|しちゃー|ろしあ	キリル文字	1697
ъ	きりる|ろしあ	キリル文字	1696
ы	うぃ|うい|きりる|ろしあ	キリル文字	1695
ь	きりる|ろしあ	キリル文字	1694
э	えー|きりる|ろしあ	キリル文字	1693
ю	きりる|ゆー|ろしあ	キリル文字	1692
я	きりる|やー|ろしあ	キリル文字	1691
ё	ぃよー|きりる|よー|ろしあ	キリル文字	1717
Ḡ	まくろん	マクロン付き文字	1184
ḡ	まくろん	マクロン付き文字	1173
ẞ	えすつぇっと|ごうじ	エスツェット大文字 合字	1161
Ớ	ほーん	ホーン付き文字	1210
ớ	ほーん	ホーン付き文字	1198
Ờ	ほーん	ホーン付き文字	1209
ờ	ほーん	ホーン付き文字	1197
Ở	ほーん	ホーン付き文字	1208
ở	ほーん	ホーン付き文字	1196
Ỡ	ほーん	ホーン付き文字	1207
ỡ	ほーん	ホーン付き文字	1195
Ợ	ほーん	ホーン付き文字	1206
ợ	ほーん	ホーン付き文字	1194
Ứ	ほーん	ホーン付き文字	1205
ứ	ほーん	ホーン付き文字	1193
Ừ	ほーん	ホーン付き文字	1204
ừ	ほーん	ホーン付き文字	1192
Ử	ほーん	ホーン付き文字	1203
ử	ほーん	ホーン付き文字	1191
Ữ	ほーん	ホーン付き文字	1202
ữ	ほーん	ホーン付き文字	1190
Ự	ほーん	ホーン付き文字	1201
ự	ほーん	ホーン付き文字	1189
‐	はいふん|ー	ハイフン	1984
–	えんだっしゅ|きごう|だっしゅ|にぶだっしゅ|にぶだーし|ー	enダッシュ(二分)	1986
—	えむだっしゅ|きごう|ぜんかくだっしゅ|だっしゅ|ー	emダッシュ(全角)	1985
―	きごう|だっしゅ|ー	ダッシュ 水平棒	1987
‖	きごう|そうちゅう|たてせん|たてぼう	縦線 双柱	1978
‘	きごう|ばっくくぉーと|ばっくくおーと	左シングル引用符	1972
‘’	かっこ	シングル引用符	1951
’	きごう|くぉーてーしょん|くぉーと|くおーてーしょん|くおーと	右シングル引用符	1971
“	きごう|くぉーと|だぶるくぉーてしょん|だぶるくおーてーしょん|だぶるくおーと	左ダブル引用符	1970
“”	かっこ	ダブル引用符	1950
”	きごう|くぉーと|だぶるくぉーてしょん|だぶるくおーてーしょん|だぶるくおーと	右ダブル引用符	1969
†	きごう|だがー	ダガー	1808
‡	きごう|だがー|だぶるだがー	ダブルダガー	1807
‥	きごう|てん|など|にてんりーだ|にてんりーだー	二点リーダ	1975
…	あまり|きごう|さんてん|さんてんりーだ|さんてんりーだー|てん	三点リーダ	1976
‰	きごう|たんい|ぱーみる	単位	1815
′	きごう|たんい|ふん	分	1926
″	きごう|たんい|びょう	秒	1925
‹›	かっこ|やまかっこ	一重山括弧	1955
※	きごう|こめ|こめじるし|ほし	米印	1881
⁰	うえつき|うわつき	上付き文字	887
⁴	うえつき|うわつき	上付き文字	883
⁵	うえつき|うわつき	上付き文字	882
⁶	うえつき|うわつき	上付き文字	881
⁷	うえつき|うわつき	上付き文字	880
⁸	うえつき|うわつき	上付き文字	879
⁹	うえつき|うわつき	上付き文字	878
⁺	うえつき|うわつき	上付き文字	877
⁻	うえつき|うわつき	上付き文字	876
⁼	うえつき|うわつき	上付き文字	875
⁽	うえつき|うわつき	上付き文字	874
⁾	うえつき|うわつき	上付き文字	873
ⁿ	うえつき|うえつきん|うえん|うわつき|うわつきん	上付き文字	872
₀	したつき	下付き文字	871
₁	したつき	下付き文字	870
₂	したつき	下付き文字	869
₃	したつき	下付き文字	868
₄	したつき	下付き文字	867
₅	したつき	下付き文字	866
₆	したつき	下付き文字	865
₇	したつき	下付き文字	864
₈	したつき	下付き文字	863
₉	したつき	下付き文字	862
₊	したつき	下付き文字	861
₋	したつき	下付き文字	860
₌	したつき	下付き文字	859
₍	したつき	下付き文字	858
₎	したつき	下付き文字	857
ₐ	したあ|したつき|したつきあ	下付き文字	856
ₑ	したえ|したつき|したつきえ	下付き文字	855
ₒ	したお|したつき|したつきお	下付き文字	854
ₓ	したつき	下付き文字	853
ₔ	したえ|したつき|したつきえ	下付き文字	852
₠	えきゅー|えきゅーきごう|おうしゅうつうかたんい|きゅうゆーろ|きゅうゆーろきごう|たんい|つうか	通貨記号	1144
₡	ころん|ころんきごう|たんい|つうか	通貨記号	1143
₢	くるぜいろ|くるぜいろきごう|たんい|つうか	通貨記号	1142
₣	たんい|つうか|ふらん|ふらんきごう	通貨記号	1141
₤	たんい|つうか|りら|りらきごう	通貨記号	1140
₥	たんい|つうか|みるきごう	通貨記号	1139
₦	たんい|つうか|ないら|ないらきごう	通貨記号	1138
₧	たんい|つうか|ぺせた|ぺせたきごう	通貨記号	1137
₨	たんい|つうか|るぴー|るぴーきごう	通貨記号	1136
₩	うぉん|うぉんきごう|たんい|つうか	通貨記号	1135
₪	しんしぇける|しんしぇけるきごう|たんい|つうか	通貨記号	1134
₫	たんい|つうか|どん|どんきごう	通貨記号	1133
€	たんい|つうか|ゆーろ	通貨記号	1916
₭	きーぷ|きーぷきごう|たんい|つうか	通貨記号	1132
₮	たんい|つうか|とぅぐりく|とぅぐりくきごう|とぅぐるく|とぅぐるくきごう|とぅぐるぐ|とぅぐるぐきごう|どぐろぐ|どぐろぐきごう	通貨記号	1131
₯	たんい|つうか|どらくま|どらくまきごう	通貨記号	1130
₰	たんい|つうか|ぺにひ|ぺにひきごう	通貨記号	1129
₱	たんい|つうか|ぺそ|ぺそきごう	通貨記号	1128
₲	ぐあらにー|ぐあらにーきごう|たんい|つうか	通貨記号	1127
₳	あうすとらる|あうすとらるきごう|たんい|つうか	通貨記号	1126
₴	ぐりぶな|ぐりぶなきごう|たんい|つうか|ふりぶにゃ|ふりぶにゃきごう|ふりゔにゃ|ふりゔにゃきごう	通貨記号	1125
₵	せでぃ|せでぃきごう|たんい|つうか	通貨記号	1124
₶	たんい|つうか|とぅーるりーぶる|りーぶる	通貨記号	1123
₷	すぺすみろ|たんい|つうか	通貨記号	1122
₸	たんい|つうか|てんげ	通貨記号	1121
₹	いんどるぴー|たんい|つうか|るぴー	通貨記号	1120
₺	たんい|つうか|とるこりら|りら	通貨記号	1119
₻	たんい|つうか|のるうぇーまるく|まるく	通貨記号	1118
₼	あぜるばいじゃんまなと|たんい|つうか|まなと	通貨記号	1117
₽	たんい|つうか|るーぶる|ろしあるーぶる	通貨記号	1116
₾	じょーじあらり|たんい|つうか|らり	通貨記号	1115
₿	たんい|つうか|びっとこいん	通貨記号	1114
ℂ	きごう|すうがく|ふくそすう	複素数	1817
℃	せっし|たんい|ど|どしー	摂氏温度	1924
ℕ	きごう|しぜんすう|すうがく	自然数	1821
№	なんばー	ナンバー	1658
ℚ	きごう|すうがく|ゆうりすう	有理数	1819
ℝ	きごう|じっすう|すうがく	実数	1818
℡	でんわ	電話	1657
™	しょうひょう|とれーどまーく	トレードマーク	1391
ℤ	きごう|すうがく|せいすう	整数	1820
Å	おんぐすとろーむ|きごう|たんい	オングストローム	1816
Ⅰ	きごう|ろーま	ローマ数字	1480
Ⅱ	きごう|ろーま	ローマ数字	1479
Ⅲ	きごう|ろーま	ローマ数字	1478
Ⅳ	きごう|ろーま	ローマ数字	1477
Ⅴ	きごう|ろーま	ローマ数字	1476
Ⅵ	きごう|ろーま	ローマ数字	1475
Ⅶ	きごう|ろーま	ローマ数字	1474
Ⅷ	きごう|ろーま	ローマ数字	1473
Ⅸ	きごう|ろーま	ローマ数字	1472
Ⅹ	きごう|ろーま	ローマ数字	1471
ⅰ	きごう|ろーま	ローマ数字	1470
ⅱ	きごう|ろーま	ローマ数字	1469
ⅲ	きごう|ろーま	ローマ数字	1468
ⅳ	きごう|ろーま	ローマ数字	1467
ⅴ	きごう|ろーま	ローマ数字	1466
ⅵ	きごう|ろーま	ローマ数字	1465
ⅶ	きごう|ろーま	ローマ数字	1464
ⅷ	きごう|ろーま	ローマ数字	1463
ⅸ	きごう|ろーま	ローマ数字	1462
ⅹ	きごう|ろーま	ローマ数字	1461
←	ひだり|ひだりや|やじるし	矢印	1869
↑	うえ|うえや|やじるし	矢印	1868
→	みぎ|みぎや|やじるし	矢印	1870
↓	した|したや|やじるし	矢印	1867
↔	やじるし	矢印	1033
↕	やじるし	矢印	1032
↖	ひだりうえ|ひだりうえや|やじるし	矢印	1031
↗	みぎうえ|みぎうえや|やじるし	矢印	1030
↘	みぎした|みぎしたや|やじるし	矢印	1029
↙	ひだりした|ひだりしたや|やじるし	矢印	1028
↩	やじるし	矢印	1027
↪	やじるし	矢印	1026
↰	やじるし	矢印	1025
↱	やじるし	矢印	1024
↲	やじるし	矢印	1023
↳	やじるし	矢印	1021
↴	やじるし	矢印	1022
↵	えんたー|かいぎょう|やじるし|りたーん	矢印 改行記号	1020
↶	やじるし	矢印	1019
↷	やじるし	矢印	1018
↺	やじるし	矢印	1017
↻	やじるし	矢印	1016
⇄	やじるし	矢印	1013
⇅	やじるし	矢印	1012
⇆	やじるし	矢印	1011
⇇	やじるし	矢印	1010
⇈	やじるし	矢印	1009
⇉	やじるし	矢印	1008
⇊	やじるし	矢印	1007
⇐	ひだり|ひだりや|やじるし	太矢印	1006
⇑	うえ|うえや|やじるし	太矢印	1005
⇒	きごう|けいさん|すうがく|ならば|みぎや|やじるし	ならば	1846
⇓	した|したや|やじるし	太矢印	1004
⇔	きごう|けいさん|すうがく|どうち|やじるし	同値	1845
⇕	やじるし	太矢印	1003
⇖	ひだりうえ|ひだりうえや|やじるし	太矢印	1002
⇗	みぎうえ|みぎうえや|やじるし	太矢印	1001
⇘	みぎした|みぎしたや|やじるし	太矢印	1000
⇙	ひだりした|ひだりしたや|やじるし	太矢印	999
⇚	ひだり|ひだりや|やじるし	三重矢印	998
⇛	みぎ|みぎや|やじるし	三重矢印	997
⇠	ひだり|ひだりや|やじるし	点線矢印	996
⇡	うえ|うえや|やじるし	点線矢印	995
⇢	みぎ|みぎや|やじるし	点線矢印	994
⇣	した|したや|やじるし	点線矢印	993
⇦	ひだり|ひだりや|やじるし	白抜き矢印	992
⇧	うえ|うえや|やじるし	白抜き矢印	991
⇨	みぎ|みぎや|やじるし	白抜き矢印	990
⇩	した|したや|やじるし	白抜き矢印	989
∀	きごう|けいさん|すうがく|すべて|すべての|たーんえー	すべての	1844
∂	きごう|けいさん|すうがく|でる|へんびぶん|らうんど	偏微分	1838
∃	きごう|けいさん|すうがく|そんざい	存在記号	1843
∅	きごう|くうしゅうごう|すうがく	空集合	1822
∆	ぞうぶん|でるた|らぷらしあん	増分 ラプラシアン	1836
∇	きごう|けいさん|すうがく|なぶら	ナブラ	1837
∈	きごう|けいさん|しゅうごう|すうがく|ぞくする|ふくむ	属する	1859
∉	きごう|けいさん|しゅうごう|すうがく|ぞくさない|ふくまない	属さない	1858
∋	きごう|けいさん|しゅうごう|すうがく|ぞくする|ふくむ	元として含む	1857
∌	きごう|けいさん|しゅうごう|すうがく|ぞくさない|ふくまない	元として含まない	1856
∑	けいさん|しぐま|すうがく|そうわ	総和記号	1460
−	すうがく|はいふん|ひく|まいなす|ー	減算記号 マイナス	1947
∓	きごう|すうがく|まいなすぷらす	負または正記号	1945
√	きごう|けいさん|こんごう|すうがく|へいほうこん|るーと	根号	1831
∛	こんごう|さんじょうこん|りっぽうこん	三乗根号	1830
∜	こんごう|よんじょうこん	四乗根号	1829
∝	きごう|けいさん|すうがく|ひれい	比例	1827
∞	きごう|すうがく|むげん|むげんだい	無限大	1931
∟	すうがく|ちょっかく	直角	1459
∠	かく|きごう|けいさん|すうがく	角	1842
∥	きごう|たてせん|たてぼう|へいこう	縦線 平行	1979
∧	あんど|および|かつ|きごう|けいさん|しゅうごう|すうがく	および	1849
∨	おあ|きごう|けいさん|しゅうごう|すうがく|または	または	1848
∩	あんど|かっぷ|きごう|きゃっぷ|けいさん|しゅうごう|すうがく|せきしゅうごう	積集合	1850
∪	おあ|かっぷ|きごう|きゃっぷ|けいさん|しゅうごう|すうがく|わしゅうごう	和集合	1851
∫	いんてぐらる|きごう|けいさん|すうがく|せきぶん	積分記号	1825
∬	いんてぐらる|きごう|けいさん|すうがく|せきぶん|にじゅうせきぶん	二重積分記号	1824
∮	いんてぐらる|けいさん|けいろせきぶん|しゅうかいせきぶん|すうがく|せきぶん|ふぁい|へいろせきぶん	閉路積分記号	1458
∴	きごう|さんかく|すうがく|てん|ゆえに	ゆえに	1930
∵	きごう|けいさん|さんかく|すうがく|てん|なぜならば	なぜならば	1826
∽	きごう|けいさん|すうがく|そうじ	相似	1828
≒	いこーる|きごう|きんじ|けいさん|すうがく|とうごう|やく	ほとんど等しい	1834
≠	きごう|すうがく|とうごう|のっといこーる|ふとうごう	等号否定	1940
≡	きごう|けいさん|ごうどう|すうがく	合同	1835
≦	きごう|しょうなりいこーる|すうがく|ふとうごう	不等号	1937
≧	きごう|すうがく|だいなりいこーる|ふとうごう	不等号	1936
≪	きごう|けいさん|しょうなり|すうがく|ふとうごう	非常に小さい	1833
≫	きごう|けいさん|すうがく|だいなり|ふとうごう	非常に大きい	1832
⊂	きごう|けいさん|しゅうごう|すうがく	真部分集合	1853
⊃	きごう|けいさん|しゅうごう|すうがく	真上位集合	1852
⊆	きごう|けいさん|しゅうごう|すうがく	部分集合	1855
⊇	きごう|けいさん|しゅうごう|すうがく	上位集合	1854
⊕	えっくすおあ|きごう|けいさん|すうがく|ちょくわ	直和	1823
⊥	かく|きごう|けいさん|すいちょく|すうがく	垂直	1841
⊿	きごう|けいさん|さんかく|さんかくけい|すうがく|ちょっかくさんかく|ちょっかくさんかくけい|でるた|とらいあんぐる	三角形	1840
⋮	さんてん|さんてんりーだ|さんてんりーだー|てん	省略記号 三点リーダー	1935
⋯	あまり|さんてん|さんてんりーだ|さんてんりーだー|てん	省略記号 三点リーダー	1934
⋰	さんてん|さんてんりーだ|さんてんりーだー|てん	省略記号 三点リーダー	1933
⋱	さんてん|さんてんりーだ|さんてんりーだー|てん	省略記号 三点リーダー	1932
⌒	きごう|けいさん|こ|すうがく	弧	1839
⌘	こまんど|こまんどきー	コマンドキー	1271
⌚	うでどけい|とけい	時計記号	1268
⌥	おぷしょん|おぷしょんきー	オプションキー	1270
⌫	ばっくすぺーす|ばっくすぺーすきー	バックスペースキー	1269
␣	くうはく|すぺーす	空白記号	1998
①	きごう|まるいち	丸数字	1456
②	きごう|まるに	丸数字	1455
③	きごう|まるさん	丸数字	1454
④	きごう|まるし|まるよん	丸数字	1453
⑤	きごう|まるご	丸数字	1452
⑥	きごう|まるろく	丸数字	1451
⑦	きごう|まるしち|まるなな	丸数字	1450
⑧	きごう|まるはち	丸数字	1449
⑨	きごう|まるきゅう|まるく	丸数字	1448
⑩	きごう|まるじゅう	丸数字	1447
⑪	きごう|まるじゅういち	丸数字	1446
⑫	きごう|まるじゅうに	丸数字	1445
⑬	きごう|まるじゅうさん	丸数字	1444
⑭	きごう|まるじゅうし|まるじゅうよん	丸数字	1443
⑮	きごう|まるじゅうご	丸数字	1442
⑯	きごう|まるじゅうろく	丸数字	1441
⑰	きごう|まるじゅうしち|まるじゅうなな	丸数字	1440
⑱	きごう|まるじゅうはち	丸数字	1439
⑲	きごう|まるじゅうきゅう|まるじゅうく	丸数字	1438
⑳	きごう|まるにじゅう	丸数字	1437
⓪	きごう|まるぜろ|まるれい	丸数字	1457
⓿	きごう|まるぜろ|まるれい	丸数字	762
─	けいせん|ほそわく|よこ	罫線	1690
━	けいせん|ふとわく|よこ	罫線	1679
│	けいせん|たて|ほそわく	罫線	1689
┃	けいせん|たて|ふとわく	罫線	1678
┌	けいせん|ひだりうえ|ほそわく	罫線	1688
┏	けいせん|ひだりうえ|ふとわく	罫線	1677
┐	けいせん|ほそわく|みぎうえ	罫線	1687
┓	けいせん|ふとわく|みぎうえ	罫線	1676
└	けいせん|ひだりした|ほそわく	罫線	1685
┗	けいせん|ひだりした|ふとわく	罫線	1674
┘	けいせん|ほそわく|みぎした	罫線	1686
┛	けいせん|ふとわく|みぎした	罫線	1675
├	けいせん	罫線	1684
┝	けいせん	罫線	1663
┠	けいせん	罫線	1668
┣	けいせん	罫線	1673
┤	けいせん	罫線	1682
┥	けいせん	罫線	1661
┨	けいせん	罫線	1666
┫	けいせん	罫線	1671
┬	けいせん|ほそわく	罫線	1683
┯	けいせん	罫線	1667
┰	けいせん	罫線	1662
┳	けいせん|ふとわく	罫線	1672
┴	けいせん|ほそわく	罫線	1681
┷	けいせん	罫線	1665
┸	けいせん	罫線	1660
┻	けいせん|ふとわく	罫線	1670
┼	けいせん|まんなか	罫線	1680
┿	けいせん|まんなか	罫線	1664
╂	けいせん|まんなか	罫線	1659
╋	けいせん|まんなか	罫線	1669
▓	くろぬり|しかく|だーくしぇーど	ダークシェード	1880
■	しかく|ずけい	黒四角	1898
□	しかく|ずけい	四角	1899
▢	かどまる|しかく	角丸正方形	1879
▣	いれこ|しかく	入れ子正方形	1878
▤	しかく|よこぬり	横塗り正方形	1877
▥	しかく|たてぬり	縦塗り正方形	1876
▦	しかく|じゅうじぬり	十字塗り正方形	1875
▧	しかく|ななめぬり	斜め塗り正方形＼	1874
▨	しかく|ななめぬり	斜め塗り正方形／	1873
▩	しかく|ななめじゅうじぬり	斜め十字塗り正方形	1872
▲	さんかく|ずけい	黒三角	1896
△	さんかく|ずけい	三角	1897
▶	さんかく|ずけい|みぎ|みぎさんかく	右向黒三角	1892
▷	さんかく|ずけい|みぎ|みぎさんかく	右向三角	1893
▼	ぎゃくさんかく|さんかく|ずけい	逆黒三角	1894
▽	ぎゃくさんかく|さんかく|ずけい	逆三角	1895
◀	さんかく|ずけい|ひだり|ひだりさんかく	左向黒三角	1890
◁	さんかく|ずけい|ひだり|ひだりさんかく	左向三角	1891
◆	しかく|ずけい|だいや|ひし|ひしがた	黒ひしがた	1900
◇	しかく|ずけい|だいや|ひし|ひしがた	ひしがた	1901
◉	じゃのめ|ずけい|まる	蛇の目	1903
○	しろまる|ずけい|まる	丸	1906
◎	ずけい|にじゅうまる|まる	二重丸	1904
●	くろまる|ずけい|まる	黒丸	1905
◯	きごう|しろまる|まる	大きな丸	1806
☀	たいよう|てんき|はれ	天気	1296
☁	くも|くもり|てんき	天気	1294
☂	あめ|かさ|てんき	天気	1293
☃	てんき|ゆき|ゆきだるま	天気	1291
☄	こめっと|ながれぼし	流れ星	1290
★	くろほし|くろぼし|ずけい|ほし	黒星	1907
☆	しろほし|しろぼし|ずけい|ほし	星	1908
☇	かみなり	天気	1289
☈	らいう	天気	1288
☎	でんわ	電話	1655
☏	でんわ	電話	1656
☐	ちぇっくぼっくす	チェックボックス	1603
☑	ちぇっく|ちぇっくぼっくす	チェックボックス	1602
☒	ちぇっく|ちぇっくぼっくす|ばつ|ぺけ	チェックボックス	1601
☓	ちぇっく|ななめじゅうじ|ばつ|ぺけ|ぺけじ	斜め十字	1600
☔	あめ|かさ|てんき	天気	1292
☕	こうちゃ|こーひー|てぃーかっぷ	ティーカップ	1284
☖	ごて|しょうぎ	将棋	1654
☗	しょうぎ|せんて	将棋	1653
☘	くろーばー	クローバー	1285
☚	ひだりへ	左向き指差し	1865
☛	みぎへ	右向き指差し	1866
☜	ひだりへ	左向き指差し	1863
☝	うえへ	上向き指差し	1862
☞	みぎへ	右向き指差し	1864
☟	したへ	下向き指差し	1861
☠	がいこつ|どくぶつ|どくろ	骸骨記号	1641
☡	こーしょん|ちゅうい	注意記号	1640
☢	ほうしゃのう	放射能記号	1639
☣	ばいおはざーど	バイオハザード記号	1638
☤	かどぅけうす|けりゅけいおん	ケリュケイオン	1637
☥	あんく	アンク	1636
☯	いんやん|いんよう	陰陽	1635
☰	はっけ	八卦	1634
☱	はっけ	八卦	1633
☲	はっけ	八卦	1632
☳	はっけ	八卦	1631
☴	はっけ	八卦	1630
☵	はっけ	八卦	1629
☶	はっけ	八卦	1628
☷	はっけ	八卦	1627
☸	ほうりん	法輪記号	1626
☹	かおもじ|むむ	顔文字	1606
☺	えがお|かおもじ|にこにこ	顔文字	1605
☻	えがお|かおもじ|にこにこ	顔文字	1604
☼	たいよう|てんき|はれ	天気	1295
☽	みかづき	右三日月	1287
☾	みかづき	左三日月	1286
☿	すいせい|せんせいじゅつ	水星	1625
♀	きごう|きんせい|せんせいじゅつ|めす	雌記号, 金星	1929
♁	せんせいじゅつ|ちきゅう	地球	1624
♂	おす|かせい|きごう|せんせいじゅつ	雄記号, 火星	1928
♃	せんせいじゅつ|もくせい	木星	1623
♄	せんせいじゅつ|どせい	土星	1622
♅	せんせいじゅつ|てんのうせい	天王星	1621
♆	かいおうせい|せんせいじゅつ	海王星	1620
♇	せんせいじゅつ|めいおうせい	冥王星	1619
♈	おひつじざ|せいざ	牡羊座	1618
♉	おうしざ|せいざ	牡牛座	1617
♊	せいざ|ふたござ	双子座	1616
♋	かにざ|せいざ	蟹座	1615
♌	ししざ|せいざ	獅子座	1614
♍	おとめざ|せいざ	乙女座	1613
♎	せいざ|てんびんざ	天秤座	1612
♏	さそりざ|せいざ	蠍座	1611
♐	いてざ|せいざ	射手座	1610
♑	せいざ|やぎざ	山羊座	1609
♒	せいざ|みずがめざ	水瓶座	1608
♓	うおざ|せいざ	魚座	1607
♔	きんぐ|ちぇす	チェス	1283
♕	くぃーん|くいーん|ちぇす	チェス	1282
♖	ちぇす|るーく	チェス	1281
♗	ちぇす|びしょっぷ	チェス	1280
♘	ちぇす|ないと	チェス	1279
♙	ちぇす|ぽーん	チェス	1278
♚	きんぐ|ちぇす	チェス	1277
♛	くぃーん|くいーん|ちぇす	チェス	1276
♜	ちぇす|るーく	チェス	1275
♝	ちぇす|びしょっぷ	チェス	1274
♞	ちぇす|ないと	チェス	1273
♟	ちぇす|ぽーん	チェス	1272
♠	すぺーど	スペード	1649
♡	はーと	ハート	1648
♢	だいや|ひし|ひしがた	ダイヤ	1646
♣	くらぶ|くろーばー|みつば	クラブ	1643
♤	すぺーど	スペード	1650
♥	はーと	ハート	1647
♦	だいや|ひし|ひしがた	ダイヤ	1645
♧	くらぶ|くろーばー|みつば	クラブ	1644
♨	おんせん	温泉記号	1642
♪	おんがく|おんぷ|きごう	音符	1812
♫	おんがく|おんぷ|きごう	音符	1811
♬	おんがく|おんぷ|きごう	音符	1810
♭	おんがく|きごう|ふらっと	フラット	1813
♮	おんがく|きごう|なちゅらる	ナチュラル	1809
♯	おんがく|きごう|しゃーぷ	シャープ(音楽記号)	1814
♲	りさいくる	リサイクル記号	1597
♺	りさいくる	リサイクル記号	1596
♻	りさいくる	リサイクル記号	1595
♼	りさいくる	リサイクル記号	1594
♽	りさいくる	リサイクル記号	1593
♿	くるまいす	車椅子記号	1592
⚀	さいころ	サイコロ	1591
⚁	さいころ	サイコロ	1590
⚂	さいころ	サイコロ	1589
⚃	さいころ	サイコロ	1588
⚄	さいころ	サイコロ	1587
⚅	さいころ	サイコロ	1586
⚖	てんびん	天秤	1585
⚙	ぎあ|はぐるま	歯車	1584
⚠	けいこく|ちゅうい	警告記号	1583
⚰	かんおけ	棺桶記号	1582
⛉	しょうぎ	将棋	1652
⛊	しょうぎ	将棋	1651
✁	きごう|はさみ	はさみ	851
✂	きごう|はさみ	はさみ	850
✃	きごう|はさみ	はさみ	849
✄	きごう|はさみ	はさみ	848
✆	きごう|でんわ	電話	847
✇	きごう|てーぷ|てーぷどらいぶ	テープドライブ	846
✈	きごう|ひこうき	飛行機	845
✉	きごう|ふうとう	封筒	844
✌	きごう|ぴーす|ぶい	ピース	843
✍	きごう|てがき|めも	手書き	842
✎	えんぴつ|きごう	鉛筆	841
✏	えんぴつ|きごう	鉛筆	840
✐	えんぴつ|きごう	鉛筆	839
✑	きごう|ぺん|ぺんさき|まんねんひつ	ペン先	838
✒	きごう|ぺん|ぺんさき|まんねんひつ	ペン先	837
✓	きごう|ちぇっく	チェックマーク	1599
✔	きごう|ちぇっく	チェックマーク	1598
✕	かける|きごう|ばつ|ぺけ	乗算記号	836
✖	かける|きごう|ばつ|ぺけ	乗算記号	835
✗	きごう|ばつ|ぺけ	バツマーク	834
✘	きごう|ばつ|ぺけ	バツマーク	833
✙	きごう|くろす|じゅうじ|じゅうじか	十字架	832
✚	きごう|くろす|じゅうじ|じゅうじか	十字架	831
✛	きごう|くろす|じゅうじ|じゅうじか	十字架	830
✜	きごう|くろす|じゅうじ|じゅうじか	十字架	829
✝	きごう|くろす|じゅうじ|じゅうじか	十字架	828
✞	きごう|くろす|じゅうじ|じゅうじか	十字架	827
✟	きごう|くろす|じゅうじ|じゅうじか	十字架	826
✠	きごう|くろす|じゅうじ|じゅうじか|まるたじゅうじ	マルタ十字	825
✡	きごう|だびで|だびでのほし|ほし|ろくぼうせい	ダビデの星	824
✢	あすたりすく|あすてりすく|きごう	アスタリスク	823
✣	あすたりすく|あすてりすく|きごう	アスタリスク	822
✤	あすたりすく|あすてりすく|きごう	アスタリスク	821
✥	あすたりすく|あすてりすく|きごう	アスタリスク	820
✦	きごう|ほし	星	819
✧	きごう|ほし	星	818
✩	きごう|ほし	星	817
✪	きごう|ほし	星	816
✫	きごう|ほし	星	815
✬	きごう|ほし	星	814
✭	きごう|ほし	星	813
✮	きごう|ほし	星	812
✯	きごう|ほし	星	811
✰	きごう|ほし	星	810
✱	あすたりすく|あすてりすく|きごう|ほし	アスタリスク	809
✲	あすたりすく|あすてりすく|きごう|ほし	アスタリスク	808
✳	あすたりすく|あすてりすく|きごう|ほし	アスタリスク	807
✴	あすたりすく|あすてりすく|きごう|ほし	アスタリスク	806
✵	あすたりすく|あすてりすく|きごう|ほし	アスタリスク	805
✶	あすたりすく|あすてりすく|きごう|ほし	アスタリスク	804
✷	あすたりすく|あすてりすく|きごう|ほし	アスタリスク	803
✸	あすたりすく|あすてりすく|きごう|ほし	アスタリスク	802
✹	あすたりすく|あすてりすく|きごう|ほし	アスタリスク	801
✺	あすたりすく|あすてりすく|きごう|ほし	アスタリスク	800
✻	あすたりすく|あすてりすく|きごう|ほし	アスタリスク	799
✼	あすたりすく|あすてりすく|きごう|ほし	アスタリスク	798
✽	あすたりすく|あすてりすく|きごう|ほし	アスタリスク	797
✾	あすたりすく|あすてりすく|きごう|はな|ほし	花	796
✿	きごう|はな	花	795
❀	きごう|はな	花	794
❁	きごう|はな	花	793
❂	きごう|ほし	星	792
❃	あすたりすく|あすてりすく|きごう|ほし	アスタリスク	791
❄	きごう|ゆき	雪	790
❅	きごう|ゆき	雪	789
❆	きごう|ゆき	雪	788
❇	あすたりすく|あすてりすく|きごう|ほし	アスタリスク	787
❈	あすたりすく|あすてりすく|きごう|ほし	アスタリスク	786
❉	あすたりすく|あすてりすく|きごう|ほし	アスタリスク	785
❊	あすたりすく|あすてりすく|きごう|ほし	アスタリスク	784
❋	あすたりすく|あすてりすく|きごう|ほし	アスタリスク	783
❍	きごう|ずけい|まる	丸	782
❏	きごう|しかく|ずけい	四角	781
❐	きごう|しかく|ずけい	四角	780
❑	きごう|しかく|ずけい	四角	779
❒	きごう|しかく|ずけい	四角	778
❖	きごう|ずけい|ひし|ひしがた	ダイヤモンド	777
❘	きごう|たてせん|たてぼう	縦棒	776
❙	きごう|たてせん|たてぼう	縦棒	775
❚	きごう|たてせん|たてぼう	縦棒	774
❛	きごう|くぉーと	シングルクォート	773
❜	あぽすとろふぃ|かんま|きごう|くぉーと|こんま	シングルクォート	772
❝	きごう|くぉーと|だぶるくぉーてしょん|だぶるくおーてーしょん|だぶるくおーと	ダブルクォート	771
❞	きごう|くぉーと|だぶるくぉーてしょん|だぶるくおーてーしょん|だぶるくおーと	ダブルクォート	770
❡	きごう|せくしょん|だんらく	段落記号	769
❢	えくすくらめーしょん|かんたんふ|きごう|びっくり	感嘆符	768
❣	えくすくらめーしょん|かんたんふ|きごう|びっくり	感嘆符	767
❤	きごう|はーと	ハート	766
❥	きごう|はーと	ハート	765
❦	きごう|はーと	ハート	764
❧	きごう|はーと	ハート	763
❶	きごう|まるいち	丸数字	761
❷	きごう|まるに	丸数字	760
❸	きごう|まるさん	丸数字	759
❹	きごう|まるし|まるよん	丸数字	758
❺	きごう|まるご	丸数字	757
❻	きごう|まるろく	丸数字	756
❼	きごう|まるしち|まるなな	丸数字	755
❽	きごう|まるはち	丸数字	754
❾	きごう|まるきゅう|まるく	丸数字	753
❿	きごう|まるじゅう	丸数字	752
➀	きごう|まるいち	丸数字	750
➁	きごう|まるに	丸数字	749
➂	きごう|まるさん	丸数字	748
➃	きごう|まるし|まるよん	丸数字	747
➄	きごう|まるご	丸数字	746
➅	きごう|まるろく	丸数字	745
➆	きごう|まるしち|まるなな	丸数字	744
➇	きごう|まるはち	丸数字	743
➈	きごう|まるきゅう|まるく	丸数字	742
➉	きごう|まるじゅう	丸数字	741
➊	きごう|まるいち	丸数字	739
➋	きごう|まるに	丸数字	738
➌	きごう|まるさん	丸数字	737
➍	きごう|まるし|まるよん	丸数字	736
➎	きごう|まるご	丸数字	735
➏	きごう|まるろく	丸数字	734
➐	きごう|まるしち|まるなな	丸数字	733
➑	きごう|まるはち	丸数字	732
➒	きごう|まるきゅう|まるく	丸数字	731
➓	きごう|まるじゅう	丸数字	730
➔	きごう|みぎ|やじるし	右矢印	729
➘	きごう|みぎした|やじるし	右下矢印	728
➙	きごう|みぎ|やじるし	右矢印	727
➚	きごう|みぎうえ|やじるし	右上矢印	726
➛	きごう|みぎ|やじるし	右矢印	725
➜	きごう|みぎ|やじるし	右矢印	724
➝	きごう|みぎ|やじるし	右矢印	723
➞	きごう|みぎ|やじるし	右矢印	722
➟	きごう|みぎ|やじるし	右矢印	721
➠	きごう|みぎ|やじるし	右矢印	720
➡	きごう|みぎ|やじるし	右矢印	719
➢	きごう|みぎ|やじるし	右矢印	718
➣	きごう|みぎ|やじるし	右矢印	717
➤	きごう|みぎ|やじるし	右矢印	716
➥	きごう|みぎ|やじるし	右矢印	715
➦	きごう|みぎ|やじるし	右矢印	714
➧	きごう|みぎ|やじるし	右矢印	713
➨	きごう|みぎ|やじるし	右矢印	712
➩	きごう|みぎ|やじるし	右矢印	711
➪	きごう|みぎ|やじるし	右矢印	710
➫	きごう|みぎ|やじるし	右矢印	709
➬	きごう|みぎ|やじるし	右矢印	708
➭	きごう|みぎ|やじるし	右矢印	707
➮	きごう|みぎ|やじるし	右矢印	706
➯	きごう|みぎ|やじるし	右矢印	705
➱	きごう|みぎ|やじるし	右矢印	704
➲	きごう|みぎ|やじるし	右矢印	703
➳	きごう|みぎ|やじるし	右矢印	702
➴	きごう|みぎした|やじるし	右下矢印	701
➵	きごう|みぎ|やじるし	右矢印	700
➶	きごう|みぎうえ|やじるし	右上矢印	699
➷	きごう|みぎした|やじるし	右下矢印	698
➸	きごう|みぎ|やじるし	右矢印	697
➹	きごう|みぎうえ|やじるし	右上矢印	696
➺	きごう|みぎ|やじるし	右矢印	695
➻	きごう|みぎ|やじるし	右矢印	694
➼	きごう|みぎ|やじるし	右矢印	693
➽	きごう|みぎ|やじるし	右矢印	692
➾	きごう|みぎ|やじるし	右矢印	691
⤴	やじるし	矢印	1015
⤵	やじるし	矢印	1014
⦿	ずけい|まる|まるなかぐろ	丸中黒	1902
⬟	ごかく|ずけい	黒五角	1888
⬠	ごかく|ずけい	五角	1889
⬬	ずけい|だえん|ちょうえん	横長黒楕円	1886
⬭	ずけい|だえん|ちょうえん	横長楕円	1887
⬮	ずけい|だえん|ちょうえん	縦長黒楕円	1884
⬯	ずけい|だえん|ちょうえん	縦長楕円	1885
⺋	ふしづくり|ぶしゅ|まげわりふ	部首	656
⺮	たけかんむり|ぶしゅ	部首	537
　	くうはく|すぺーす	空白	1999
、	てん|とうてん	読点	2025
。	くてん|まる	句点	2024
〃	おくりじ|おどり|おどりじ|おなじ|おなじく|かさねじ|きごう|くりかえし|じゅうてん|じょうじ|どう|どうじょう|のの|ののじ|ののじてん|ののてん|ゆすりじ	繰り返し記号 同上	1993
〄	きごう|じす	JISマーク	988
々	おくりじ|おどり|おどりじ|おなじ|かさねじ|きごう|くりかえし|じゅうてん|じょうじ|どう|のま|ゆすりじ	繰り返し記号 踊り字	1992
〆	きごう|しめ	しめ	1991
〇	きごう|ぜろ|れい	漢数字ゼロ	1990
〈〉	かっこ|やまかっこ	山括弧	1958
《》	かっこ|やまかっこ	二重山括弧	1957
「」	かぎかっこ|かっこ	かぎ括弧	1954
『』	かぎかっこ|かっこ	二重かぎ括弧	1953
【】	かっこ	すみつき括弧	1952
〒	きごう|ゆうびん|ゆうびんばんごう	郵便番号	1871
〓	きごう|げた	げた記号	1860
〔〕	かっこ|こうかっこ	甲括弧	1963
〘〙	かっこ|こうかっこ	二重甲括弧	1961
〚〛	かくかっこ|かっこ	二重角括弧	1960
〜	から|きごう|なみ|にょろ|より|ー	波ダッシュ	1980
〝	きごう	始め爪括弧	1966
〝〟	かっこ|だぶるみにゅーと|つめかっこ|ののかぎ	爪括弧	1949
〟	きごう	終わり爪括弧	1965
〠	きごう|ゆうびん	郵便記号	987
〶	きごう|ゆうびん	郵便記号	986
〼	ます	枡記号	985
〽	いおりてん|うた	庵点 歌記号	984
ぁ	あ|こがきもじ|すてがな	捨て仮名 小書き文字	1371
ぁ゙	ぁ|あ|だくてん	濁点付き仮名	81
あ゙	あ|だくてん	濁点付き仮名	82
ぃ	い|こがきもじ|すてがな	捨て仮名 小書き文字	1370
ぃ゙	ぃ|い|だくてん	濁点付き仮名	79
い゙	い|だくてん	濁点付き仮名	80
ぅ	う|こがきもじ|すてがな	捨て仮名 小書き文字	1369
ぅ゙	ぅ|う|だくてん|ゔ	濁点付き仮名	78
ぇ	え|こがきもじ|すてがな	捨て仮名 小書き文字	1368
ぇ゙	ぇ|え|だくてん	濁点付き仮名	76
え゙	え|だくてん	濁点付き仮名	77
ぉ	お|こがきもじ|すてがな	捨て仮名 小書き文字	1367
ぉ゙	ぉ|お|だくてん	濁点付き仮名	74
お゙	お|だくてん	濁点付き仮名	75
か゚	か|が|びだくおん	鼻濁音	10
き゚	き|ぎ|びだくおん	鼻濁音	9
く゚	く|ぐ|びだくおん	鼻濁音	8
け゚	け|げ|びだくおん	鼻濁音	7
こ゚	こ|ご|びだくおん	鼻濁音	6
っ	こがきもじ|すてがな|つ	捨て仮名 小書き文字	1366
っ゙	だくてん|っ|づ	濁点付き仮名	73
な゙	だくてん|な	濁点付き仮名	72
に゙	だくてん|に	濁点付き仮名	71
ぬ゙	だくてん|ぬ	濁点付き仮名	70
ね゙	だくてん|ね	濁点付き仮名	69
の゙	だくてん|の	濁点付き仮名	68
ま゙	だくてん|ま	濁点付き仮名	67
み゙	だくてん|み	濁点付き仮名	66
む゙	だくてん|む	濁点付き仮名	65
め゙	だくてん|め	濁点付き仮名	64
も゙	だくてん|も	濁点付き仮名	63
ゃ	こがきもじ|すてがな|や	捨て仮名 小書き文字	1365
ゃ゙	だくてん|ゃ|や	濁点付き仮名	61
や゙	だくてん|や	濁点付き仮名	62
ゅ	こがきもじ|すてがな|ゆ	捨て仮名 小書き文字	1364
ゅ゙	だくてん|ゅ|ゆ	濁点付き仮名	59
ゆ゙	だくてん|ゆ	濁点付き仮名	60
ょ	こがきもじ|すてがな|よ	捨て仮名 小書き文字	1363
ょ゙	だくてん|ょ|よ	濁点付き仮名	57
よ゙	だくてん|よ	濁点付き仮名	58
ら゙	だくてん|ら	濁点付き仮名	56
り゙	だくてん|り	濁点付き仮名	55
る゙	だくてん|る	濁点付き仮名	54
れ゙	だくてん|れ	濁点付き仮名	53
ろ゙	だくてん|ろ	濁点付き仮名	52
ゎ	こがきもじ|すてがな|わ	捨て仮名 小書き文字	1362
わ゙	だくてん|わ|ゔぁ	濁点付き仮名	51
ゐ゙	い|うぃ|だくてん|ゐ|ゔぃ	濁点付き仮名	50
ゑ゙	うぇ|え|だくてん|ゑ|ゔぇ	濁点付き仮名	49
を゙	だくてん|を|ゔぉ	濁点付き仮名	48
ん゙	だくてん|ん	濁点付き仮名	47
゛	きごう|だくてん|てん|てんてん	濁点	2012
゜	きごう|てん|はんだくてん|まる	半濁点	2011
ゝ	おくりじ|おどり|おどりじ|おなじ|かさねじ|きごう|くりかえし|じゅうてん|じょうじ|どう|ゆすりじ	繰り返し記号 踊り字	1995
ゞ	おくりじ|おどり|おどりじ|おなじ|かさねじ|きごう|くりかえし|じゅうてん|じょうじ|どう|ゆすりじ	繰り返し記号 踊り字	1994
ゟ	ごうじ|より	合字	1361
゠	だぶるはいふん	ダブルハイフン	1941
ァ	あ|こがきもじ|すてがな	捨て仮名 小書き文字	1360
ァ゙	ぁ|あ|だくてん	濁点付き仮名	45
ア゙	あ|だくてん	濁点付き仮名	46
ィ	い|こがきもじ|すてがな	捨て仮名 小書き文字	1359
ィ゙	ぃ|い|だくてん	濁点付き仮名	43
イ゙	い|だくてん	濁点付き仮名	44
ゥ	う|こがきもじ|すてがな	捨て仮名 小書き文字	1358
ゥ゙	ぅ|う|だくてん	濁点付き仮名	42
ェ	え|こがきもじ|すてがな	捨て仮名 小書き文字	1357
ェ゙	ぇ|え|だくてん	濁点付き仮名	40
エ゙	え|だくてん	濁点付き仮名	41
ォ	お|こがきもじ|すてがな	捨て仮名 小書き文字	1356
ォ゙	ぉ|お|だくてん	濁点付き仮名	38
オ゙	お|だくてん	濁点付き仮名	39
カ゚	か|が|びだくおん	鼻濁音	5
キ゚	き|ぎ|びだくおん	鼻濁音	4
ク゚	く|ぐ|びだくおん	鼻濁音	3
ケ゚	け|げ|びだくおん	鼻濁音	2
コ゚	こ|ご|びだくおん	鼻濁音	1
セ゚	あいぬ|せ	アイヌ語カナ	376
ッ	こがきもじ|すてがな|つ	捨て仮名 小書き文字	1353
ッ゙	だくてん|っ|づ	濁点付き仮名	37
ツ゚	あいぬ|つ	アイヌ語カナ	375
ト゚	あいぬ|と	アイヌ語カナ	374
ナ゙	だくてん|な	濁点付き仮名	36
ニ゙	だくてん|に	濁点付き仮名	35
ヌ゙	だくてん|ぬ	濁点付き仮名	34
ネ゙	だくてん|ね	濁点付き仮名	33
ノ゙	だくてん|の	濁点付き仮名	32
マ゙	だくてん|ま	濁点付き仮名	31
ミ゙	だくてん|み	濁点付き仮名	30
ム゙	だくてん|む	濁点付き仮名	29
メ゙	だくてん|め	濁点付き仮名	28
モ゙	だくてん|も	濁点付き仮名	27
ャ	こがきもじ|すてがな|や	捨て仮名 小書き文字	1352
ャ゙	だくてん|ゃ|や	濁点付き仮名	25
ヤ゙	だくてん|や	濁点付き仮名	26
ュ	こがきもじ|すてがな|ゆ	捨て仮名 小書き文字	1351
ュ゙	だくてん|ゅ|ゆ	濁点付き仮名	23
ユ゙	だくてん|ゆ	濁点付き仮名	24
ョ	こがきもじ|すてがな|よ	捨て仮名 小書き文字	1350
ョ゙	だくてん|ょ|よ	濁点付き仮名	21
ヨ゙	だくてん|よ	濁点付き仮名	22
ラ゙	だくてん|ら	濁点付き仮名	20
リ゙	だくてん|り	濁点付き仮名	19
ル゙	だくてん|る	濁点付き仮名	18
レ゙	だくてん|れ	濁点付き仮名	17
ロ゙	だくてん|ろ	濁点付き仮名	16
ヮ	こがきもじ|すてがな|わ	捨て仮名 小書き文字	1349
ン゙	だくてん|ん	濁点付き仮名	11
ヵ	か|こがきもじ|すてがな	捨て仮名 小書き文字	1355
ヶ	け|こがきもじ|すてがな	捨て仮名 小書き文字	1354
ヷ	だくてん|わ|ゔぁ	濁点付き仮名	15
ヸ	い|うぃ|だくてん|ゐ|ゔぃ	濁点付き仮名	14
ヹ	うぇ|え|だくてん|ゑ|ゔぇ	濁点付き仮名	13
ヺ	だくてん|を|ゔぉ	濁点付き仮名	12
・	てん|なかぐろ|なかてん	中点	2021
ー	ー	長音	1989
ヽ	おくりじ|おどり|おどりじ|おなじ|かさねじ|きごう|くりかえし|じゅうてん|じょうじ|どう|ゆすりじ	繰り返し記号 踊り字	1997
ヾ	おくりじ|おどり|おどりじ|おなじ|かさねじ|きごう|くりかえし|じゅうてん|じょうじ|どう|ゆすりじ	繰り返し記号 踊り字	1996
ㇰ	あいぬ|く	アイヌ語カナ	393
ㇱ	あいぬ|し	アイヌ語カナ	392
ㇲ	あいぬ|す	アイヌ語カナ	391
ㇳ	あいぬ|と	アイヌ語カナ	390
ㇴ	あいぬ|ぬ	アイヌ語カナ	389
ㇵ	あいぬ|は	アイヌ語カナ	388
ㇶ	あいぬ|ひ	アイヌ語カナ	387
ㇷ	あいぬ|ふ	アイヌ語カナ	386
ㇷ゚	あいぬ|ぷ	アイヌ語カナ	377
ㇸ	あいぬ|へ	アイヌ語カナ	385
ㇹ	あいぬ|ほ	アイヌ語カナ	384
ㇺ	あいぬ|む	アイヌ語カナ	383
ㇻ	あいぬ|ら	アイヌ語カナ	382
ㇼ	あいぬ|り	アイヌ語カナ	381
ㇽ	あいぬ|る	アイヌ語カナ	380
ㇾ	あいぬ|れ	アイヌ語カナ	379
ㇿ	あいぬ|ろ	アイヌ語カナ	378
㈠	かっこいち	括弧漢数字	1406
㈡	かっこに	括弧漢数字	1405
㈢	かっこさん	括弧漢数字	1404
㈣	かっこよん	括弧漢数字	1403
㈤	かっこご	括弧漢数字	1402
㈥	かっころく	括弧漢数字	1401
㈦	かっこしち|かっこなな	括弧漢数字	1400
㈧	かっこはち	括弧漢数字	1399
㈨	かっこきゅう	括弧漢数字	1398
㈩	かっこじゅう	括弧漢数字	1397
㈪	げつよう|げつようび	月曜日	976
㈫	かよう|かようび	火曜日	975
㈬	すいよう|すいようび	水曜日	974
㈭	もくよう|もくようび	木曜日	973
㈮	きんよう|きんようび	金曜日	972
㈯	どよう|どようび	土曜日	971
㈰	にちよう|にちようび	日曜日	970
㈱	かぶ|かぶしき|かぶしきがいしゃ	株式会社	1396
㈲	ゆう|ゆうげん|ゆうげんがいしゃ	有限会社	1395
㈳	かっこしゃ|しゃだんほうじん	(社)	967
㈴	かっこめい|なまえ	(名)	966
㈵	かっことく|とくしゅほうじん	(特)	965
㈶	かっこざい|ざいだんほうじん	(財)	964
㈷	かっこしゅく|しゅくじつ	祝日	969
㈸	かっころう|ろうどうくみあい	(労)	963
㈹	だい|だいひょう	代表	1394
㈺	かっこよび|よびだし	(呼)	962
㈻	かっこがく|がっこうほうじん	(学)	961
㈼	かっこかん|かんさほうじん	(監)	960
㈽	かっこき	(企)	959
㈾	かっこし	(資)	958
㈿	かっこきょう	(協)	957
㉀	かっこさい|さいじつ	(祭)	956
㉁	かっこきゅう|きゅうじつ|やすみ	(休)	968
㉂	かっこじ|かっこより	(自)	955
㉃	いたる|かっこいたる	(至)	954
㉑	きごう|まるにじゅういち	丸数字	1436
㉒	きごう|まるにじゅうに	丸数字	1435
㉓	きごう|まるにじゅうさん	丸数字	1434
㉔	きごう|まるにじゅうし|まるにじゅうよん	丸数字	1433
㉕	きごう|まるにじゅうご	丸数字	1432
㉖	きごう|まるにじゅうろく	丸数字	1431
㉗	きごう|まるにじゅうしち|まるにじゅうなな	丸数字	1430
㉘	きごう|まるにじゅうはち	丸数字	1429
㉙	きごう|まるにじゅうきゅう|まるにじゅうく	丸数字	1428
㉚	きごう|まるさんじゅう	丸数字	1427
㉛	きごう|まるさんじゅういち	丸数字	1426
㉜	きごう|まるさんじゅうに	丸数字	1425
㉝	きごう|まるさんじゅうさん	丸数字	1424
㉞	きごう|まるさんじゅうし|まるさんじゅうよん	丸数字	1423
㉟	きごう|まるさんじゅうご	丸数字	1422
㊙	まるひ	丸秘	953
㊚	おとこ|まるおとこ	丸男	952
㊛	おんな|まるおんな	丸女	951
㊜	まるてき	丸適	950
㊝	まるゆう	丸優	949
㊞	いんかん|まるいん	丸印	948
㊟	まるちゅう	丸注	947
㊠	まるこう	丸項	946
㊡	まるきゅう	丸休	945
㊢	まるしゃ	丸写	944
㊣	まるせい	丸正	943
㊤	うえ|じょう	丸上	1390
㊥	ちゅう|なか	丸中	1389
㊦	げ|した	丸下	1388
㊧	ひだり	丸左	1387
㊨	みぎ	丸右	1386
㊩	まるい	丸医	942
㊪	まるしゅう	丸宗	941
㊫	まるがく	丸学	940
㊬	まるかん	丸監	939
㊭	まるき	丸企	938
㊮	まるし	丸資	937
㊯	まるきょう	丸協	936
㊰	まるよる	丸夜	935
㊱	きごう|まるさんじゅうろく	丸数字	1421
㊲	きごう|まるさんじゅうしち|まるさんじゅうなな	丸数字	1420
㊳	きごう|まるさんじゅうはち	丸数字	1419
㊴	きごう|まるさんじゅうきゅう|まるさんじゅうく	丸数字	1418
㊵	きごう|まるよんじゅう	丸数字	1417
㊶	きごう|まるよんじゅういち	丸数字	1416
㊷	きごう|まるよんじゅうに	丸数字	1415
㊸	きごう|まるよんじゅうさん	丸数字	1414
㊹	きごう|まるよんじゅうし|まるよんじゅうよん	丸数字	1413
㊺	きごう|まるよんじゅうご	丸数字	1412
㊻	きごう|まるよんじゅうろく	丸数字	1411
㊼	きごう|まるよんじゅうしち|まるよんじゅうなな	丸数字	1410
㊽	きごう|まるよんじゅうはち	丸数字	1409
㊾	きごう|まるよんじゅうきゅう|まるよんじゅうく	丸数字	1408
㊿	きごう|まるごじゅう	丸数字	1407
㋐	まるあ	丸ア	934
㋑	まるい	丸イ	933
㋒	まるう	丸ウ	932
㋓	まるえ	丸エ	931
㋔	まるお	丸オ	930
㋕	まるか	丸カ	929
㋖	まるき	丸キ	928
㋗	まるく	丸ク	927
㋘	まるけ	丸ケ	926
㋙	まるこ	丸コ	925
㋚	まるさ	丸サ	924
㋛	まるし	丸シ	923
㋜	まるす	丸ス	922
㋝	まるせ	丸セ	921
㋞	まるそ	丸ソ	920
㋟	まるた	丸タ	919
㋠	まるち	丸チ	918
㋡	まるつ	丸ツ	917
㋢	まるて	丸テ	916
㋣	まると	丸ト	915
㋤	まるな	丸ナ	914
㋥	まるに	丸ニ	913
㋦	まるぬ	丸ヌ	912
㋧	まるね	丸ネ	911
㋨	まるの	丸ノ	910
㋩	まるは	丸ハ	909
㋪	まるひ	丸ヒ	908
㋫	まるふ	丸フ	907
㋬	まるへ	丸ヘ	906
㋭	まるほ	丸ホ	905
㋮	まるま	丸マ	904
㋯	まるみ	丸ミ	903
㋰	まるむ	丸ム	902
㋱	まるめ	丸メ	901
㋲	まるも	丸モ	900
㋳	まるや	丸ヤ	899
㋴	まるゆ	丸ユ	898
㋵	まるよ	丸ヨ	897
㋶	まるら	丸ラ	896
㋷	まるり	丸リ	895
㋸	まるる	丸ル	894
㋹	まるれ	丸レ	893
㋺	まるろ	丸ロ	892
㋻	まるわ	丸ワ	891
㋼	まるうぃ|まるゐ	丸ヰ	890
㋽	まるうぇ|まるゑ	丸ヱ	889
㋾	まるを	丸ヲ	888
㋿	ねんごう|れいわ	年号	1385
㌂	あんぺあ	単位	1113
㌃	あーる|たんい	単位	1112
㌄	いにんぐ|たんい	単位	1111
㌅	いんち|たんい	単位	1110
㌆	うぉん|たんい	単位	1109
㌇	えすくーど|たんい	単位	1108
㌈	えーかー|たんい	単位	1107
㌉	おんす|たんい	単位	1106
㌊	おーむ|たんい	単位	1105
㌋	かいり|たんい	単位	1104
㌌	からっと|たんい	単位	1103
㌍	かろりー|たんい	単位	1102
㌎	がろん|たんい	単位	1101
㌏	がんま|たんい	単位	1100
㌐	ぎが|たんい	単位	1099
㌑	ぎにー|たんい	単位	1098
㌒	きゅりー|たんい	単位	1097
㌓	ぎるだー|たんい	単位	1096
㌔	きろ|たんい	単位	1095
㌕	きろぐらむ|たんい	単位	1094
㌖	きろめーとる|たんい	単位	1093
㌗	きろわっと|たんい	単位	1092
㌘	ぐらむ|たんい	単位	1091
㌙	ぐらむとん|たんい	単位	1090
㌚	くるぜいろ|たんい	単位	1089
㌛	くろーね|たんい	単位	1088
㌜	けーす|たんい	単位	1087
㌝	こるな|たんい	単位	1086
㌟	さいくる|たんい	単位	1085
㌠	さんちーむ|たんい	単位	1084
㌡	しりんぐ|たんい	単位	1083
㌢	せんち|たんい	単位	1082
㌣	せんと|たんい	単位	1081
㌤	たんい|だーす	単位	1080
㌥	たんい|でし	単位	1079
㌦	たんい|どる	単位	1078
㌧	たんい|とん	単位	1077
㌨	たんい|なの	単位	1076
㌩	たんい|のっと	単位	1075
㌫	たんい|ぱーせんと	単位	1074
㌬	たんい|ぱーつ	単位	1073
㌭	たんい|ばーれる	単位	1072
㌮	たんい|ぴあすとる	単位	1071
㌯	たんい|ぴくる	単位	1070
㌰	たんい|ぴこ	単位	1069
㌲	たんい|ふぁらっど	単位	1068
㌳	たんい|ふぃーと	単位	1067
㌴	たんい|ぶっしぇる	単位	1066
㌵	たんい|ふらん	単位	1065
㌶	たんい|へくたーる	単位	1064
㌷	たんい|ぺそ	単位	1063
㌸	たんい|ぺにひ	単位	1062
㌹	たんい|へるつ	単位	1061
㌺	たんい|ぺんす	単位	1060
㌻	たんい|ぺーじ	単位	1059
㌽	たんい|ぽいんと	単位	1058
㌾	たんい|ぼると	単位	1057
㌿	たんい|ほん	単位	1056
㍀	たんい|ぽんど	単位	1055
㍂	たんい|ほーん	単位	1054
㍃	たんい|まいくろ	単位	1053
㍄	たんい|まいる	単位	1052
㍅	たんい|まっは	単位	1051
㍆	たんい|まるく	単位	1050
㍈	たんい|みくろん	単位	1049
㍉	たんい|みり	単位	1048
㍊	たんい|みりばーる	単位	1047
㍋	たんい|めが	単位	1046
㍌	たんい|めがとん	単位	1045
㍍	たんい|めーとる	単位	1044
㍎	たんい|やーど	単位	1043
㍏	たんい|やーる	単位	1042
㍐	たんい|ゆあん	単位	1041
㍑	たんい|りっとる	単位	1040
㍒	たんい|りら	単位	1039
㍓	たんい|るぴー	単位	1038
㍔	たんい|るーぶる	単位	1037
㍕	たんい|れむ	単位	1036
㍖	たんい|れんとげん	単位	1035
㍗	たんい|わっと	単位	1034
㍻	ねんごう|へいせい	年号	1384
㍼	しょうわ|ねんごう	年号	1383
㍽	たいしょう|ねんごう	年号	1382
㍾	ねんごう|めいじ	年号	1381
㎎	たんい|みりぐらむ	単位	1380
㎏	きろぐらむ|たんい	単位	1379
㎜	たんい|みりめーとる	単位	1378
㎝	せんちめーとる|たんい	単位	1377
㎞	きろめーとる|たんい	単位	1376
㎡	たんい|へいべい|へいほうめーとる	単位	1375
㎥	たんい|りっぽうめーとる|りゅうべい|りゅーべ|りゅーべー	単位	1374
㏄	しーしー|たんい	単位	1373
㓁	あみがしら|あみめ|ぶしゅ|よんがしら	部首	528
㣺	したごころ|ぶしゅ	部首	614
丨	いちぼう|こん|たて|たてぼう|ぶしゅ	部首	683
丶	てん|ぶしゅ	部首	682
丿	の|ぶしゅ	部首	681
乙	おつにょう|つりばり|ぶしゅ	部首	685
乚	おつ|おつにょう|つりばり|ぶしゅ	部首	684
亀	ぶしゅ	部首	417
亅	かぎ|はねぼう|ぶしゅ	部首	680
二	ぶしゅ	部首	679
亠	なべぶた|ぶしゅ	部首	678
人	ぶしゅ	部首	677
亻	にんべん|ぶしゅ	部首	676
儿	にんにょう|ひとあし|ぶしゅ	部首	674
入	いりがしら|いりやね|いる|ぶしゅ	部首	673
八	はちがしら|ぶしゅ	部首	672
冂	けいがまえ|どうがまえ|ぶしゅ	部首	670
冖	ぶしゅ|べきかんむり|わかんむり	部首	671
冫	にすい|ぶしゅ	部首	669
几	かぜがまえ|きにょう|つくえ|ぶしゅ	部首	668
凵	うけばこ|かんにょう|ぶしゅ	部首	667
刀	ぶしゅ	部首	666
刂	ぶしゅ|りっとう	部首	665
力	ぶしゅ	部首	664
勹	つつみがまえ|ぶしゅ	部首	663
匕	さじ|さじのひ|ひ|ぶしゅ	部首	662
匚	はこがまえ|ぶしゅ	部首	661
匸	かくしがまえ|ぶしゅ	部首	660
十	ぶしゅ	部首	659
卜	ぶしゅ|ぼくのと	部首	658
卩	ふしづくり|ぶしゅ|まげわりふ	部首	657
厂	がんだれ|ぶしゅ	部首	655
厶	ぶしゅ|む	部首	654
又	ぶしゅ	部首	653
口	くちへん|ぶしゅ	部首	652
囗	くにがまえ|ぶしゅ	部首	651
土	つちへん|ぶしゅ	部首	650
士	さむらい|さむらいかんむり|ぶしゅ	部首	649
夂	ふゆがしら|ぶしゅ	部首	648
夊	すいにゅう|すいにょう|なつあし|ぶしゅ	部首	647
夕	ぶしゅ	部首	646
大	だいがしら|ぶしゅ	部首	645
女	おんなへん|ぶしゅ	部首	644
子	こども|こどもへん|ぶしゅ	部首	643
宀	うかんむり|ぶしゅ	部首	642
寸	ぶしゅ	部首	641
小	しょうがしら|なおがしら|ぶしゅ	部首	640
尢	おうにょう|だいのまげあし|ぶしゅ|まげあし	部首	639
尣	おうにょう|だいのまげあし|ぶしゅ|まげあし	部首	638
尸	かばねだれ|ぶしゅ	部首	637
屮	てつ|ぶしゅ|めばえ	部首	636
山	ぶしゅ|やまへん	部首	635
巛	さんぽがわ|ぶしゅ|まがりがわ	部首	633
川	ぶしゅ	部首	634
工	たくみへん|ぶしゅ	部首	632
己	ぶしゅ	部首	631
已	おのれ|ぶしゅ	部首	629
巳	おのれ|ぶしゅ	部首	630
巾	はばへん|ぶしゅ	部首	628
干	いちじゅう|かん|ぶしゅ|ほす	部首	627
幺	いとがしら|ぶしゅ	部首	626
广	ぶしゅ|まだれ	部首	625
廴	えんにょう|ぶしゅ	部首	624
廾	こまぬき|ぶしゅ	部首	623
弋	しきがまえ|ぶしゅ|よく	部首	622
弓	ぶしゅ|ゆみへん	部首	621
彐	いのこがしら|けいがしら|ぶしゅ	部首	620
彑	いのこがしら|けいがしら|ぶしゅ	部首	619
彡	かみかざり|さん|さんづくり|せん|ぶしゅ	部首	618
彳	ぎょうにんべん|ぶしゅ	部首	617
心	ぶしゅ	部首	616
忄	ぶしゅ|りっしんべん	部首	615
戈	ぶしゅ|ほこがまえ|ほこづくり	部首	613
戸	とだれ|ぶしゅ	部首	612
手	てへん|ぶしゅ	部首	611
扌	て|てへん|ぶしゅ	部首	610
支	えだにょう|しにょう|ぶしゅ	部首	609
攴	ぶしゅ	部首	608
攵	ぶしゅ	部首	607
文	ぶしゅ|ぶんにょう	部首	606
斉	せい|ぶしゅ	部首	423
斗	とます|ぶしゅ|ます	部首	605
斤	おの|おのづくり|ぶしゅ	部首	604
方	かたへん|ぶしゅ|ほうへん	部首	603
无	すでのつくり|ぶしゅ|む|むにょう	部首	602
旡	すでのつくり|ぶしゅ|む|むにょう	部首	601
日	ひへん|ぶしゅ	部首	600
曰	いわく|ひらび|ぶしゅ	部首	599
月	つきへん|にく|にくづき|ぶしゅ	部首	515
木	きへん|ぶしゅ	部首	598
欠	あくび|かける|ぶしゅ	部首	597
止	とめへん|とめる|ぶしゅ	部首	596
歯	はへん|ぶしゅ	部首	421
歹	かばね|かばねへん|ぶしゅ	部首	595
殳	ぶしゅ|ほこ|ほこづくり|るまた	部首	594
毋	なかれ|ぶしゅ	部首	593
毌	なかれ|ぶしゅ	部首	592
比	くらべる|ならびひ|ぶしゅ	部首	591
毛	ぶしゅ	部首	590
氏	ぶしゅ	部首	589
气	きがまえ|ぶしゅ	部首	588
水	ぶしゅ	部首	587
氵	さんずい|ぶしゅ	部首	586
氺	したみず|ぶしゅ	部首	585
濵	まゆはま	濱の異体字	397
火	ひへん|ぶしゅ	部首	584
灬	ぶしゅ|れっか|れんが	部首	583
爪	そうにょう|ぶしゅ	部首	582
爫	つめかんむり|ぶしゅ	部首	581
父	ぶしゅ	部首	580
爻	こう|ぶしゅ	部首	579
爿	しょうへん|ぶしゅ	部首	578
片	かたへん|ぶしゅ	部首	577
牙	ぶしゅ	部首	576
牛	ぶしゅ	部首	575
牜	うしへん|ぶしゅ	部首	574
犬	ぶしゅ	部首	573
犭	けものへん|ぶしゅ	部首	572
玄	ぶしゅ	部首	571
玉	ぎょくへん|たまへん|ぶしゅ	部首	570
玊	ぎょくへん|たま|たまへん|ぶしゅ	部首	568
王	ぎょくへん|たま|たまへん|ぶしゅ	部首	569
瓜	ぶしゅ	部首	567
瓦	ぶしゅ	部首	566
甘	あまい|かん|ぶしゅ	部首	565
生	いきる|うまれる|ぶしゅ	部首	564
用	ぶしゅ|もちいる	部首	563
甩	ぶしゅ|もちいる|よう	部首	562
疋	ひき|ぶしゅ	部首	561
疒	ぶしゅ|やまいだれ	部首	557
癶	はつがしら|ぶしゅ	部首	555
白	しろへん|ぶしゅ	部首	554
皮	けがわ|ひのかわ|ぶしゅ	部首	553
皿	ぶしゅ	部首	551
目	ぶしゅ|めへん	部首	548
矛	ぶしゅ|ほこへん	部首	547
矢	ぶしゅ|やへん	部首	546
石	いしへん|ぶしゅ	部首	545
示	しめす|しめすへん|ねへん|ぶしゅ	部首	544
礻	しめす|しめすへん|ねへん|ぶしゅ	部首	543
禸	ぐうのあし|ぶしゅ	部首	542
禾	のぎへん|ぶしゅ	部首	541
穴	あなかんむり|ぶしゅ	部首	540
立	たつへん|ぶしゅ	部首	539
竜	ぶしゅ	部首	419
竹	たけかんむり|ぶしゅ	部首	538
米	こめへん|ぶしゅ	部首	536
糸	いとへん|ぶしゅ	部首	535
糹	いと|いとへん|ぶしゅ	部首	534
缶	ぶしゅ|ほとぎ|ほとぎへん	部首	533
网	あみがしら|あみめ|ぶしゅ|よんがしら	部首	532
罒	あみがしら|あみめ|ぶしゅ|め|よんがしら	部首	531
罓	あみがしら|あみめ|ぶしゅ|よんがしら	部首	530
羊	ひつじへん|ぶしゅ	部首	527
羽	ぶしゅ	部首	525
老	おいかんむり|おいがしら|ぶしゅ	部首	524
耂	おいかんむり|おいがしら|ぶしゅ	部首	523
而	しこうして|ぶしゅ	部首	522
耒	すきへん|ぶしゅ|らいすき	部首	521
耳	ぶしゅ|みみへん	部首	520
聿	ふでづくり|ぶしゅ	部首	519
肀	ふでづくり|ぶしゅ	部首	518
肉	ぶしゅ	部首	516
臣	ぶしゅ	部首	514
自	ぶしゅ|みずから	部首	513
至	いたるへん|ぶしゅ	部首	512
臼	ぶしゅ	部首	511
舌	ぶしゅ	部首	509
舛	ぶしゅ	部首	508
舟	ふねへん|ぶしゅ	部首	507
艮	こん|こんづくり|ねづくり|ぶしゅ	部首	506
色	ぶしゅ	部首	505
艸	くさかんむり|ぶしゅ	部首	504
艹	くさかんむり|ぶしゅ	部首	503
虍	とらがしら|ぶしゅ	部首	502
虫	ぶしゅ|むしへん	部首	501
血	ちへん|ぶしゅ	部首	500
行	ぎょうがまえ|ぶしゅ|ゆきがまえ	部首	499
衣	ぶしゅ	部首	498
衤	ころもへん|ぶしゅ	部首	497
襾	にし|ぶしゅ	部首	496
西	ぶしゅ	部首	494
覀	にし|ぶしゅ	部首	495
見	ぶしゅ	部首	493
角	つのへん|ぶしゅ	部首	492
言	ごんべん|ぶしゅ	部首	491
訁	ごんべん|ぶしゅ	部首	490
谷	ぶしゅ	部首	489
豆	ぶしゅ	部首	488
豕	いのこへん|ぶしゅ	部首	487
豸	ぶしゅ|むじなへん	部首	486
貝	かいへん|ぶしゅ	部首	485
赤	あかへん|ぶしゅ	部首	484
走	そうにょう|はしる|ぶしゅ	部首	483
足	あしへん|ぶしゅ	部首	482
身	ぶしゅ|みへん	部首	480
車	くるまへん|ぶしゅ	部首	479
辛	からい|しん|ぶしゅ	部首	478
辰	しんのたつ|ぶしゅ	部首	549
辵	しんにゅう|しんにょう|ぶしゅ	部首	559
辶	しんにゅう|しんにょう|ぶしゅ	部首	558
邑	おおざと|ぶしゅ	部首	556
酉	とりへん|ひよみのとり|ぶしゅ	部首	552
釆	のごめ|のごめへん|ぶしゅ	部首	550
里	さとへん|ぶしゅ	部首	477
金	かねへん|ぶしゅ	部首	476
釒	かね|かねへん|ぶしゅ	部首	475
長	ながい|ぶしゅ	部首	474
镸	ながい|ぶしゅ	部首	473
門	かどがまえ|ぶしゅ|もんがまえ	部首	472
阜	こざとへん|ぶしゅ	部首	471
阝	おおざと|こざとへん|ぶしゅ	部首	470
隶	ぶしゅ|れいづくり	部首	469
隹	ふるとり|ぶしゅ	部首	468
雨	あめかんむり|ぶしゅ	部首	467
靑	ぶしゅ	部首	466
青	ぶしゅ	部首	465
非	あらず|ぶしゅ	部首	464
面	ぶしゅ	部首	463
革	かわへん|つくりがわ|ぶしゅ	部首	462
韋	なめしがわ|ぶしゅ	部首	461
韭	にら|ぶしゅ	部首	460
音	おとへん|ぶしゅ	部首	459
頁	おおがい|ぶしゅ	部首	458
風	ふうにょう|ぶしゅ	部首	457
飛	とぶ|ぶしゅ	部首	456
食	しょくへん|ぶしゅ	部首	455
飠	しょくへん|ぶしゅ	部首	453
首	ぶしゅ	部首	452
香	ぶしゅ	部首	451
馬	うまへん|ぶしゅ	部首	450
骨	ぶしゅ|ほねへん	部首	449
高	たかい|ぶしゅ	部首	448
髙	はしごだか	高の異体字	396
髟	かみがしら|ぶしゅ	部首	447
鬥	たたかいがまえ|とうがまえ|ぶしゅ	部首	446
鬯	ちょう|においざけ|ぶしゅ	部首	445
鬲	ぶしゅ	部首	444
鬼	きにょう|ぶしゅ	部首	443
魚	うおへん|ぶしゅ	部首	442
鳥	ぶしゅ	部首	441
鹵	しお|ぶしゅ|ろ	部首	440
鹿	ぶしゅ	部首	439
麥	ばくにょう|ぶしゅ	部首	438
麦	ばくにょう|ぶしゅ	部首	437
麻	あさかんむり|ぶしゅ	部首	436
黃	き|ぶしゅ	部首	435
黄	ぶしゅ	部首	434
黍	ぶしゅ	部首	433
黑	くろ|ぶしゅ	部首	432
黒	ぶしゅ	部首	431
黹	ち|ぬいとり|ふつへん|ぶしゅ	部首	430
黽	おおがえる|ぶしゅ|べんあし	部首	429
鼎	てい|ぶしゅ	部首	428
鼓	ぶしゅ	部首	427
鼠	ぶしゅ	部首	426
鼻	はなへん|ぶしゅ	部首	425
齊	せい|ぶしゅ	部首	424
齒	は|はへん|ぶしゅ	部首	422
龍	ぶしゅ	部首	420
龜	ぶしゅ	部首	418
龠	ぶしゅ|やく|やくのふえ	部首	416
﨑	たつさき	崎の異体字	395
︙	きごう|さんてん|さんてんりーだ|さんてんりーだー|たてさんてんりーだ|たてさんてんりーだー|たてりーだ|たてりーだー|てん	三点リーダ (縦)	1974
︰	きごう|たてにてんりーだ|たてにてんりーだー|たてりーだ|たてりーだー|てん|など|にてんりーだ|にてんりーだー	二点リーダ (縦)	1973
﹅	けんてん|ごま|ぼうてん|わきてん	圏点	1883
﹆	けんてん|しろごま|ぼうてん|わきてん	圏点	1882
！	えくすくらめーしょん|かんたんふ|びっくり	感嘆符	2014
！！	えくすくらめーしょん|かんたんふ|びっくり	感嘆符	2013
！？	えくすくらめーしょん|かんたんふ|ぎもんふ|くえすちょん|はてな|びっくり	疑問符	2015
＃	いげた|しゃーぷ|なんばー|はっしゅ	井げた／ハッシュ	1914
＄	たんい|だら|だらー|つうか|どる	通貨記号	1919
％	たんい|ぱーせんと	パーセント	1915
＆	あんど|あんぱさんど	アンパサンド	1913
（）	かっこ|まるかっこ	丸括弧	1964
＊	あすたりすく|あすてりすく|ほし	アスタリスク	1912
＋	すうがく|たす|ぷらす	加算記号	1948
，	かんま|こんま|てん	カンマ	2023
．	てん|どっと|ぴりおど	ピリオド	2022
／	きごう|しゃせん|すらっしゅ|ななめ	スラッシュ	1983
：	ころん|てん	コロン	2020
；	せみころん|てん	セミコロン	2019
＜	しょうなり|すうがく|ふとうごう	不等号	1939
＝	いこーる|すうがく|とうごう	等号	1942
＞	すうがく|だいなり|ふとうごう	不等号	1938
？	ぎもんふ|くえすちょん|はてな	疑問符	2018
？！	ぎもんふ|くえすちょん|はてな	疑問符	2016
？？	ぎもんふ|くえすちょん|はてな	疑問符	2017
＠	あっと|あっとまーく	アットマーク	1911
Ａ	えい|えー	英数字	1348
Ｂ	びぃ|びい|びー	英数字	1347
Ｃ	しー	英数字	1346
Ｄ	でぃー|でー	英数字	1345
Ｅ	いー	英数字	1344
Ｆ	えふ	英数字	1343
Ｇ	じー	英数字	1342
Ｈ	えいち|えっち	英数字	1341
Ｉ	あい	英数字	1340
Ｊ	じぇい|じぇー	英数字	1339
Ｋ	けい|けー	英数字	1338
Ｌ	える	英数字	1337
Ｍ	えむ	英数字	1336
Ｎ	えぬ	英数字	1335
Ｏ	おー	英数字	1334
Ｐ	ぴー	英数字	1333
Ｑ	きゅう|きゅー	英数字	1332
Ｒ	あーる	英数字	1331
Ｓ	えす	英数字	1330
Ｔ	てぃ|てぃー|てー	英数字	1329
Ｕ	ゆー	英数字	1328
Ｖ	ぶぃ|ぶい|ゔぃ	英数字	1327
Ｗ	だぶりゅー|だぶる|だぶるー	英数字	1326
Ｘ	えっくす	英数字	1325
Ｙ	わい	英数字	1324
Ｚ	ぜっと	英数字	1323
［］	かくかっこ|かっこ	角括弧	1962
＼	きごう|ぎゃくしゃせん|しゃせん|すらっしゅ|ななめ|ばっくすらっしゅ	バックスラッシュ	1982
＾	きごう	ハット	2002
＿	あんだーすこあ|あんだーばー|あんだーらいん|きごう|した	アンダーライン	2000
｀	きごう|ぐらーぶ	グラーブアクセント	2006
ａ	えい|えー	英数字	1322
ｂ	びぃ|びい|びー	英数字	1321
ｃ	しー	英数字	1320
ｄ	でぃー|でー	英数字	1319
ｅ	いー	英数字	1318
ｆ	えふ	英数字	1317
ｇ	じー	英数字	1316
ｈ	えいち|えっち	英数字	1315
ｉ	あい	英数字	1314
ｊ	じぇい|じぇー	英数字	1313
ｋ	けい|けー	英数字	1312
ｌ	える	英数字	1311
ｍ	えむ	英数字	1310
ｎ	えぬ	英数字	1309
ｏ	おー	英数字	1308
ｐ	ぴー	英数字	1307
ｑ	きゅう|きゅー	英数字	1306
ｒ	あーる	英数字	1305
ｓ	えす	英数字	1304
ｔ	てぃ|てぃー|てー	英数字	1303
ｕ	ゆー	英数字	1302
ｖ	ぶぃ|ぶい|ゔぃ	英数字	1301
ｗ	だぶりゅー|だぶる|だぶるー	英数字	1300
ｘ	えっくす	英数字	1299
ｙ	わい	英数字	1298
ｚ	ぜっと	英数字	1297
｛｝	かっこ|なみかっこ	波括弧	1959
｜	きごう|たてせん|たてぼう	縦線	1977
￣	うえ|おーばーらいん|きごう	オーバーライン	2001
￤	たて|たてぼう	縦線	1372
￥	えん|たんい|つうか	通貨記号	1921
𓃗	うま|ひえろぐりふ	ヒエログリフ 馬	415
𓃟	ひえろぐりふ|ぶた	ヒエログリフ 豚	414
𓃠	ねこ|ひえろぐりふ	ヒエログリフ 猫	413
𓃡	いぬ|ひえろぐりふ	ヒエログリフ 犬	412
𓃬	ひえろぐりふ|らいおん	ヒエログリフ ライオン	411
𓃭	ひえろぐりふ|らいおん	ヒエログリフ ライオン	410
𓃰	ぞう|ひえろぐりふ	ヒエログリフ 象	409
𓃱	きりん|ひえろぐりふ	ヒエログリフ キリン	408
𓃹	うさぎ|のうさぎ|ひえろぐりふ	ヒエログリフ ウサギ	407
𓅓	ひえろぐりふ|ふくろう	ヒエログリフ ふくろう	406
𓆉	かめ|ひえろぐりふ	ヒエログリフ カメ	405
𓆏	かえる|ひえろぐりふ	ヒエログリフ カエル	404
𓆛	さかな|てぃらぴあ|ひえろぐりふ	ヒエログリフ 魚	403
𓆜	さかな|ばーべる|ひえろぐりふ	ヒエログリフ 魚	402
𓆝	さかな|ひえろぐりふ|ぼら	ヒエログリフ 魚	401
𓆞	えれふぁんとのーずふぃっしゅ|さかな|ひえろぐりふ	ヒエログリフ 魚	400
𓆟	さかな|ひえろぐりふ	ヒエログリフ 魚	399
𓆡	さかな|ひえろぐりふ|ふぐ	ヒエログリフ 魚	398
𛀀	え|へんたいがな	変体仮名	373
𛀁	いぇ|え|へんたいがな	江の変体仮名	372
𛀂	あ|へんたいがな	安の変体仮名	371
𛀃	あ|へんたいがな	愛の変体仮名	370
𛀄	あ|へんたいがな	阿の変体仮名	369
𛀅	あ|へんたいがな|を	惡の変体仮名	368
𛀆	い|へんたいがな	以の変体仮名	367
𛀇	い|へんたいがな	伊の変体仮名	366
𛀈	い|へんたいがな	意の変体仮名	365
𛀉	い|へんたいがな	移の変体仮名	364
𛀊	う|へんたいがな	宇の変体仮名	363
𛀋	う|へんたいがな	宇の変体仮名	362
𛀌	う|へんたいがな	憂の変体仮名	361
𛀍	う|へんたいがな	有の変体仮名	360
𛀎	う|へんたいがな	雲の変体仮名	359
𛀏	え|へんたいがな	盈の変体仮名	358
𛀐	え|へんたいがな	縁の変体仮名	357
𛀑	え|へんたいがな	衣の変体仮名	356
𛀒	え|へんたいがな	衣の変体仮名	355
𛀓	え|へんたいがな	要の変体仮名	354
𛀔	お|へんたいがな	於の変体仮名	353
𛀕	お|へんたいがな	於の変体仮名	352
𛀖	お|へんたいがな	隱の変体仮名	351
𛀗	か|へんたいがな	佳の変体仮名	350
𛀘	か|へんたいがな	加の変体仮名	349
𛀙	か|へんたいがな	可の変体仮名	348
𛀚	か|へんたいがな	可の変体仮名	347
𛀛	か|へんたいがな	嘉の変体仮名	346
𛀜	か|へんたいがな	我の変体仮名	345
𛀝	か|へんたいがな	歟の変体仮名	344
𛀞	か|へんたいがな	賀の変体仮名	343
𛀟	か|へんたいがな	閑の変体仮名	342
𛀠	か|へんたいがな	香の変体仮名	341
𛀡	か|へんたいがな	駕の変体仮名	340
𛀢	か|け|へんたいがな	家の変体仮名	339
𛀣	き|へんたいがな	喜の変体仮名	338
𛀤	き|へんたいがな	幾の変体仮名	337
𛀥	き|へんたいがな	幾の変体仮名	336
𛀦	き|へんたいがな	支の変体仮名	335
𛀧	き|へんたいがな	木の変体仮名	334
𛀨	き|へんたいがな	祈の変体仮名	333
𛀩	き|へんたいがな	貴の変体仮名	332
𛀪	き|へんたいがな	起の変体仮名	331
𛀫	く|へんたいがな	久の変体仮名	330
𛀬	く|へんたいがな	久の変体仮名	329
𛀭	く|へんたいがな	九の変体仮名	328
𛀮	く|へんたいがな	供の変体仮名	327
𛀯	く|へんたいがな	倶の変体仮名	326
𛀰	く|へんたいがな	具の変体仮名	325
𛀱	く|へんたいがな	求の変体仮名	324
𛀲	け|へんたいがな	介の変体仮名	323
𛀳	け|へんたいがな	介の変体仮名	322
𛀴	け|へんたいがな	希の変体仮名	321
𛀵	け|へんたいがな	氣の変体仮名	320
𛀶	け|へんたいがな	計の変体仮名	319
𛀷	け|へんたいがな	遣の変体仮名	318
𛀸	こ|へんたいがな	古の変体仮名	317
𛀹	こ|へんたいがな	故の変体仮名	316
𛀺	こ|へんたいがな	許の変体仮名	315
𛀻	き|こ|へんたいがな	期の変体仮名	314
𛀼	さ|へんたいがな	乍の変体仮名	313
𛀽	さ|へんたいがな	佐の変体仮名	312
𛀾	さ|へんたいがな	佐の変体仮名	311
𛀿	さ|へんたいがな	左の変体仮名	310
𛁀	さ|へんたいがな	差の変体仮名	309
𛁁	さ|へんたいがな	散の変体仮名	308
𛁂	さ|へんたいがな	斜の変体仮名	307
𛁃	さ|へんたいがな	沙の変体仮名	306
𛁄	し|へんたいがな	之の変体仮名	305
𛁅	し|へんたいがな	之の変体仮名	304
𛁆	し|へんたいがな	事の変体仮名	303
𛁇	し|へんたいがな	四の変体仮名	302
𛁈	し|へんたいがな	志の変体仮名	301
𛁉	し|へんたいがな	新の変体仮名	300
𛁊	す|へんたいがな	受の変体仮名	299
𛁋	す|へんたいがな	壽の変体仮名	298
𛁌	す|へんたいがな	數の変体仮名	297
𛁍	す|へんたいがな	數の変体仮名	296
𛁎	す|へんたいがな	春の変体仮名	295
𛁏	す|へんたいがな	春の変体仮名	294
𛁐	す|へんたいがな	須の変体仮名	293
𛁑	す|へんたいがな	須の変体仮名	292
𛁒	せ|へんたいがな	世の変体仮名	291
𛁓	せ|へんたいがな	世の変体仮名	290
𛁔	せ|へんたいがな	世の変体仮名	289
𛁕	せ|へんたいがな	勢の変体仮名	288
𛁖	せ|へんたいがな	聲の変体仮名	287
𛁗	そ|へんたいがな	所の変体仮名	286
𛁘	そ|へんたいがな	所の変体仮名	285
𛁙	そ|へんたいがな	曾の変体仮名	284
𛁚	そ|へんたいがな	曾の変体仮名	283
𛁛	そ|へんたいがな	楚の変体仮名	282
𛁜	そ|へんたいがな	蘇の変体仮名	281
𛁝	そ|へんたいがな	處の変体仮名	280
𛁞	た|へんたいがな	堂の変体仮名	279
𛁟	た|へんたいがな	多の変体仮名	278
𛁠	た|へんたいがな	多の変体仮名	277
𛁡	た|へんたいがな	當の変体仮名	276
𛁢	ち|へんたいがな	千の変体仮名	275
𛁣	ち|へんたいがな	地の変体仮名	274
𛁤	ち|へんたいがな	智の変体仮名	273
𛁥	ち|へんたいがな	知の変体仮名	272
𛁦	ち|へんたいがな	知の変体仮名	271
𛁧	ち|へんたいがな	致の変体仮名	270
𛁨	ち|へんたいがな	遲の変体仮名	269
𛁩	つ|へんたいがな	川の変体仮名	268
𛁪	つ|へんたいがな	川の変体仮名	267
𛁫	つ|へんたいがな	津の変体仮名	266
𛁬	つ|へんたいがな	都の変体仮名	265
𛁭	つ|と|へんたいがな	徒の変体仮名	264
𛁮	て|へんたいがな	亭の変体仮名	263
𛁯	て|へんたいがな	低の変体仮名	262
𛁰	て|へんたいがな	傳の変体仮名	261
𛁱	て|へんたいがな	天の変体仮名	260
𛁲	て|へんたいがな	天の変体仮名	259
𛁳	て|へんたいがな	天の変体仮名	258
𛁴	て|へんたいがな	帝の変体仮名	257
𛁵	て|へんたいがな	弖の変体仮名	256
𛁶	て|へんたいがな	轉の変体仮名	255
𛁷	と|へんたいがな	土の変体仮名	254
𛁸	と|へんたいがな	度の変体仮名	253
𛁹	と|へんたいがな	東の変体仮名	252
𛁺	と|へんたいがな	登の変体仮名	251
𛁻	と|へんたいがな	登の変体仮名	250
𛁼	と|へんたいがな	砥の変体仮名	249
𛁽	と|へんたいがな|ら	等の変体仮名	248
𛁾	な|へんたいがな	南の変体仮名	247
𛁿	な|へんたいがな	名の変体仮名	246
𛂀	な|へんたいがな	奈の変体仮名	245
𛂁	な|へんたいがな	奈の変体仮名	244
𛂂	な|へんたいがな	奈の変体仮名	243
𛂃	な|へんたいがな	菜の変体仮名	242
𛂄	な|へんたいがな	那の変体仮名	241
𛂅	な|へんたいがな	那の変体仮名	240
𛂆	な|へんたいがな	難の変体仮名	239
𛂇	に|へんたいがな	丹の変体仮名	238
𛂈	に|へんたいがな	二の変体仮名	237
𛂉	に|へんたいがな	仁の変体仮名	236
𛂊	に|へんたいがな	兒の変体仮名	235
𛂋	に|へんたいがな	爾の変体仮名	234
𛂌	に|へんたいがな	爾の変体仮名	233
𛂍	に|へんたいがな	耳の変体仮名	232
𛂎	て|に|へんたいがな	而の変体仮名	231
𛂏	ぬ|へんたいがな	努の変体仮名	230
𛂐	ぬ|へんたいがな	奴の変体仮名	229
𛂑	ぬ|へんたいがな	怒の変体仮名	228
𛂒	ね|へんたいがな	年の変体仮名	227
𛂓	ね|へんたいがな	年の変体仮名	226
𛂔	ね|へんたいがな	年の変体仮名	225
𛂕	ね|へんたいがな	根の変体仮名	224
𛂖	ね|へんたいがな	熱の変体仮名	223
𛂗	ね|へんたいがな	禰の変体仮名	222
𛂘	こ|ね|へんたいがな	子の変体仮名	221
𛂙	の|へんたいがな	乃の変体仮名	220
𛂚	の|へんたいがな	濃の変体仮名	219
𛂛	の|へんたいがな	能の変体仮名	218
𛂜	の|へんたいがな	能の変体仮名	217
𛂝	の|へんたいがな	農の変体仮名	216
𛂞	は|へんたいがな	八の変体仮名	215
𛂟	は|へんたいがな	半の変体仮名	214
𛂠	は|へんたいがな	婆の変体仮名	213
𛂡	は|へんたいがな	波の変体仮名	212
𛂢	は|へんたいがな	盤の変体仮名	211
𛂣	は|へんたいがな	盤の変体仮名	210
𛂤	は|へんたいがな	破の変体仮名	209
𛂥	は|へんたいがな	者の変体仮名	208
𛂦	は|へんたいがな	者の変体仮名	207
𛂧	は|へんたいがな	葉の変体仮名	206
𛂨	は|へんたいがな	頗の変体仮名	205
𛂩	ひ|へんたいがな	悲の変体仮名	204
𛂪	ひ|へんたいがな	日の変体仮名	203
𛂫	ひ|へんたいがな	比の変体仮名	202
𛂬	ひ|へんたいがな	避の変体仮名	201
𛂭	ひ|へんたいがな	非の変体仮名	200
𛂮	ひ|へんたいがな	飛の変体仮名	199
𛂯	ひ|へんたいがな	飛の変体仮名	198
𛂰	ふ|へんたいがな	不の変体仮名	197
𛂱	ふ|へんたいがな	婦の変体仮名	196
𛂲	ふ|へんたいがな	布の変体仮名	195
𛂳	へ|へんたいがな	倍の変体仮名	194
𛂴	へ|へんたいがな	弊の変体仮名	193
𛂵	へ|へんたいがな	弊の変体仮名	192
𛂶	へ|へんたいがな	遍の変体仮名	191
𛂷	へ|へんたいがな	邊の変体仮名	190
𛂸	へ|へんたいがな	邊の変体仮名	189
𛂹	へ|へんたいがな	部の変体仮名	188
𛂺	へんたいがな|ほ	保の変体仮名	187
𛂻	へんたいがな|ほ	保の変体仮名	186
𛂼	へんたいがな|ほ	報の変体仮名	185
𛂽	へんたいがな|ほ	奉の変体仮名	184
𛂾	へんたいがな|ほ	寶の変体仮名	183
𛂿	へんたいがな|ほ	本の変体仮名	182
𛃀	へんたいがな|ほ	本の変体仮名	181
𛃁	へんたいがな|ほ	豐の変体仮名	180
𛃂	へんたいがな|ま	万の変体仮名	179
𛃃	へんたいがな|ま	末の変体仮名	178
𛃄	へんたいがな|ま	末の変体仮名	177
𛃅	へんたいがな|ま	滿の変体仮名	176
𛃆	へんたいがな|ま	滿の変体仮名	175
𛃇	へんたいがな|ま	萬の変体仮名	174
𛃈	へんたいがな|ま	麻の変体仮名	173
𛃉	へんたいがな|み	三の変体仮名	172
𛃊	へんたいがな|み	微の変体仮名	171
𛃋	へんたいがな|み	美の変体仮名	170
𛃌	へんたいがな|み	美の変体仮名	169
𛃍	へんたいがな|み	美の変体仮名	168
𛃎	へんたいがな|み	見の変体仮名	167
𛃏	へんたいがな|み	身の変体仮名	166
𛃐	へんたいがな|む	武の変体仮名	165
𛃑	へんたいがな|む	無の変体仮名	164
𛃒	へんたいがな|む	牟の変体仮名	163
𛃓	へんたいがな|む	舞の変体仮名	162
𛃔	へんたいがな|め	免の変体仮名	161
𛃕	へんたいがな|め	面の変体仮名	160
𛃖	へんたいがな|ま|め	馬の変体仮名	159
𛃗	へんたいがな|も	母の変体仮名	158
𛃘	へんたいがな|も	毛の変体仮名	157
𛃙	へんたいがな|も	毛の変体仮名	156
𛃚	へんたいがな|も	毛の変体仮名	155
𛃛	へんたいがな|も	茂の変体仮名	154
𛃜	へんたいがな|も	裳の変体仮名	153
𛃝	へんたいがな|や	也の変体仮名	152
𛃞	へんたいがな|や	也の変体仮名	151
𛃟	へんたいがな|や	屋の変体仮名	150
𛃠	へんたいがな|や	耶の変体仮名	149
𛃡	へんたいがな|や	耶の変体仮名	148
𛃢	へんたいがな|や|よ	夜の変体仮名	147
𛃣	へんたいがな|ゆ	游の変体仮名	146
𛃤	へんたいがな|ゆ	由の変体仮名	145
𛃥	へんたいがな|ゆ	由の変体仮名	144
𛃦	へんたいがな|ゆ	遊の変体仮名	143
𛃧	へんたいがな|よ	代の変体仮名	142
𛃨	へんたいがな|よ	余の変体仮名	141
𛃩	へんたいがな|よ	與の変体仮名	140
𛃪	へんたいがな|よ	與の変体仮名	139
𛃫	へんたいがな|よ	與の変体仮名	138
𛃬	へんたいがな|よ	餘の変体仮名	137
𛃭	へんたいがな|ら	羅の変体仮名	136
𛃮	へんたいがな|ら	良の変体仮名	135
𛃯	へんたいがな|ら	良の変体仮名	134
𛃰	へんたいがな|ら	良の変体仮名	133
𛃱	へんたいがな|り	利の変体仮名	132
𛃲	へんたいがな|り	利の変体仮名	131
𛃳	へんたいがな|り	李の変体仮名	130
𛃴	へんたいがな|り	梨の変体仮名	129
𛃵	へんたいがな|り	理の変体仮名	128
𛃶	へんたいがな|り	里の変体仮名	127
𛃷	へんたいがな|り	離の変体仮名	126
𛃸	へんたいがな|る	流の変体仮名	125
𛃹	へんたいがな|る	留の変体仮名	124
𛃺	へんたいがな|る	留の変体仮名	123
𛃻	へんたいがな|る	留の変体仮名	122
𛃼	へんたいがな|る	累の変体仮名	121
𛃽	へんたいがな|る	類の変体仮名	120
𛃾	へんたいがな|れ	禮の変体仮名	119
𛃿	へんたいがな|れ	禮の変体仮名	118
𛄀	へんたいがな|れ	連の変体仮名	117
𛄁	へんたいがな|れ	麗の変体仮名	116
𛄂	へんたいがな|ろ	呂の変体仮名	115
𛄃	へんたいがな|ろ	呂の変体仮名	114
𛄄	へんたいがな|ろ	婁の変体仮名	113
𛄅	へんたいがな|ろ	樓の変体仮名	112
𛄆	へんたいがな|ろ	路の変体仮名	111
𛄇	へんたいがな|ろ	露の変体仮名	110
𛄈	へんたいがな|わ	倭の変体仮名	109
𛄉	へんたいがな|わ	和の変体仮名	108
𛄊	へんたいがな|わ	和の変体仮名	107
𛄋	へんたいがな|わ	王の変体仮名	106
𛄌	へんたいがな|わ	王の変体仮名	105
𛄍	うぃ|へんたいがな|ゐ	井の変体仮名	104
𛄎	うぃ|へんたいがな|ゐ	井の変体仮名	103
𛄏	うぃ|へんたいがな|ゐ	居の変体仮名	102
𛄐	うぃ|へんたいがな|ゐ	爲の変体仮名	101
𛄑	うぃ|へんたいがな|ゐ	遺の変体仮名	100
𛄒	うぇ|へんたいがな|ゑ	惠の変体仮名	99
𛄓	うぇ|へんたいがな|ゑ	衞の変体仮名	98
𛄔	うぇ|へんたいがな|ゑ	衞の変体仮名	97
𛄕	うぇ|へんたいがな|ゑ	衞の変体仮名	96
𛄖	へんたいがな|を	乎の変体仮名	95
𛄗	へんたいがな|を	乎の変体仮名	94
𛄘	へんたいがな|を	尾の変体仮名	93
𛄙	へんたいがな|を	緒の変体仮名	92
𛄚	へんたいがな|を	越の変体仮名	91
𛄛	へんたいがな|を	遠の変体仮名	90
𛄜	へんたいがな|を	遠の変体仮名	89
𛄝	へんたいがな|む|も|ん	无の変体仮名	88
𛄞	へんたいがな|む|も|ん	无の変体仮名	87
𛄟	う|へんたいがな	汙の変体仮名	86
𛄠	い|へんたいがな	変体仮名	85
𛄡	いぇ|え|へんたいがな	変体仮名	84
𛄢	う|へんたいがな	汙の変体仮名	83
🀀	とん|ふうぱい|ふぉんぱい|まーじゃん|まーじゃんぱい	麻雀牌	1581
🀁	なん|ふうぱい|ふぉんぱい|まーじゃん|まーじゃんぱい	麻雀牌	1580
🀂	しゃー|ふうぱい|ふぉんぱい|まーじゃん|まーじゃんぱい	麻雀牌	1579
🀃	ふうぱい|ふぉんぱい|ぺい|ぺー|まーじゃん|まーじゃんぱい	麻雀牌	1578
🀄︎	さんげんぱい|ちゅん|ふぉんちゅん|ほんちゅん|ほんちゅー|まーじゃん|まーじゃんぱい	麻雀牌	1577
🀅	さんげんぱい|はつ|まーじゃん|まーじゃんぱい|りゅうふぁ|りゅーふぁ|りゅーふぁー	麻雀牌	1576
🀆	さんげんぱい|はく|ぱいぱん|まーじゃん|まーじゃんぱい	麻雀牌	1575
🀇	いーまん|いーわん|まんず|まーじゃん|まーじゃんぱい|わんず	麻雀牌	1574
🀈	まんず|まーじゃん|まーじゃんぱい|りゃんまん|りゃんわん|わんず	麻雀牌	1573
🀉	さんまん|さんわん|まんず|まーじゃん|まーじゃんぱい|わんず	麻雀牌	1572
🀊	すーまん|すーわん|まんず|まーじゃん|まーじゃんぱい|わんず	麻雀牌	1571
🀋	うーまん|うーわん|まんず|まーじゃん|まーじゃんぱい|わんず	麻雀牌	1570
🀌	まんず|まーじゃん|まーじゃんぱい|ろーまん|ろーわん|わんず	麻雀牌	1569
🀍	ちーまん|ちーわん|まんず|まーじゃん|まーじゃんぱい|わんず	麻雀牌	1568
🀎	ぱーまん|ぱーわん|まんず|まーじゃん|まーじゃんぱい|わんず	麻雀牌	1567
🀏	きゅうまん|きゅうわん|きゅーまん|きゅーわん|ちゅーまん|ちゅーわん|まんず|まーじゃん|まーじゃんぱい|わんず	麻雀牌	1566
🀐	いーそー|そーず|まーじゃん|まーじゃんぱい	麻雀牌	1565
🀑	そーず|まーじゃん|まーじゃんぱい|りゃんそー	麻雀牌	1564
🀒	さんそー|そーず|まーじゃん|まーじゃんぱい	麻雀牌	1563
🀓	すーそー|そーず|まーじゃん|まーじゃんぱい	麻雀牌	1562
🀔	うーそー|そーず|まーじゃん|まーじゃんぱい	麻雀牌	1561
🀕	そーず|まーじゃん|まーじゃんぱい|ろーそー	麻雀牌	1560
🀖	そーず|ちーそー|まーじゃん|まーじゃんぱい	麻雀牌	1559
🀗	そーず|ぱーそー|まーじゃん|まーじゃんぱい	麻雀牌	1558
🀘	きゅうそー|きゅーそー|そーず|ちゅーそー|まーじゃん|まーじゃんぱい	麻雀牌	1557
🀙	いーぴん|ぴんず|まーじゃん|まーじゃんぱい	麻雀牌	1556
🀚	ぴんず|まーじゃん|まーじゃんぱい|りゃんぴん	麻雀牌	1555
🀛	さんぴん|ぴんず|まーじゃん|まーじゃんぱい	麻雀牌	1554
🀜	すーぴん|ぴんず|まーじゃん|まーじゃんぱい	麻雀牌	1553
🀝	うーぴん|ぴんず|まーじゃん|まーじゃんぱい	麻雀牌	1552
🀞	ぴんず|まーじゃん|まーじゃんぱい|ろーぴん	麻雀牌	1551
🀟	ちーぴん|ぴんず|まーじゃん|まーじゃんぱい	麻雀牌	1550
🀠	ぱーぴん|ぴんず|まーじゃん|まーじゃんぱい	麻雀牌	1549
🀡	きゅうぴん|きゅーぴん|ちゅーぴん|ぴんず|まーじゃん|まーじゃんぱい	麻雀牌	1548
🀢	うめ|まーじゃん|まーじゃんぱい	麻雀牌	1547
🀣	まーじゃん|まーじゃんぱい|らん	麻雀牌	1546
🀤	たけ|まーじゃん|まーじゃんぱい	麻雀牌	1545
🀥	きく|まーじゃん|まーじゃんぱい	麻雀牌	1544
🀦	はる|まーじゃん|まーじゃんぱい	麻雀牌	1543
🀧	なつ|まーじゃん|まーじゃんぱい	麻雀牌	1542
🀨	あき|まーじゃん|まーじゃんぱい	麻雀牌	1541
🀩	ふゆ|まーじゃん|まーじゃんぱい	麻雀牌	1540
🀪	じょーかー|ぱいたー|まーじゃん|まーじゃんぱい	麻雀牌	1539
🀫	まーじゃん|まーじゃんうら|まーじゃんぱい	麻雀牌	1538
🂠	とらんぷ|とらんぷうら	トランプ	1537
🂡	すぺーどえーす|とらんぷ	トランプ	1536
🂢	とらんぷ	トランプ	1535
🂣	とらんぷ	トランプ	1534
🂤	とらんぷ	トランプ	1533
🂥	とらんぷ	トランプ	1532
🂦	とらんぷ	トランプ	1531
🂧	とらんぷ	トランプ	1530
🂨	とらんぷ	トランプ	1529
🂩	とらんぷ	トランプ	1528
🂪	とらんぷ	トランプ	1527
🂫	すぺーどじゃっく|とらんぷ	トランプ	1526
🂬	かばろ|すぺーどかばろ|すぺーどないと	トランプ	1525
🂭	すぺーどくいーん|とらんぷ	トランプ	1524
🂮	すぺーどきんぐ|とらんぷ	トランプ	1523
🂱	とらんぷ|はーとえーす	トランプ	1522
🂲	とらんぷ	トランプ	1521
🂳	とらんぷ	トランプ	1520
🂴	とらんぷ	トランプ	1519
🂵	とらんぷ	トランプ	1518
🂶	とらんぷ	トランプ	1517
🂷	とらんぷ	トランプ	1516
🂸	とらんぷ	トランプ	1515
🂹	とらんぷ	トランプ	1514
🂺	とらんぷ	トランプ	1513
🂻	とらんぷ|はーとじゃっく	トランプ	1512
🂼	かばろ|はーとかばろ|はーとないと	トランプ	1511
🂽	とらんぷ|はーとくいーん	トランプ	1510
🂾	とらんぷ|はーときんぐ	トランプ	1509
🃁	だいやえーす|とらんぷ	トランプ	1508
🃂	とらんぷ	トランプ	1507
🃃	とらんぷ	トランプ	1506
🃄	とらんぷ	トランプ	1505
🃅	とらんぷ	トランプ	1504
🃆	とらんぷ	トランプ	1503
🃇	とらんぷ	トランプ	1502
🃈	とらんぷ	トランプ	1501
🃉	とらんぷ	トランプ	1500
🃊	とらんぷ	トランプ	1499
🃋	だいやじゃっく|とらんぷ	トランプ	1498
🃌	かばろ|だいやないと|はーとかばろ	トランプ	1497
🃍	だいやくいーん|とらんぷ	トランプ	1496
🃎	だいやきんぐ|とらんぷ	トランプ	1495
🃑	くらぶえーす|とらんぷ	トランプ	1494
🃒	とらんぷ	トランプ	1493
🃓	とらんぷ	トランプ	1492
🃔	とらんぷ	トランプ	1491
🃕	とらんぷ	トランプ	1490
🃖	とらんぷ	トランプ	1489
🃗	とらんぷ	トランプ	1488
🃘	とらんぷ	トランプ	1487
🃙	とらんぷ	トランプ	1486
🃚	とらんぷ	トランプ	1485
🃛	くらぶじゃっく|とらんぷ	トランプ	1484
🃜	かばろ|くらぶかばろ|くらぶないと	トランプ	1483
🃝	くらぶくいーん|とらんぷ	トランプ	1482
🃞	くらぶきんぐ|とらんぷ	トランプ	1481
🄋	きごう|まるぜろ|まるれい	丸数字	751
🄌	きごう|まるぜろ|まるれい	丸数字	740
𠆢	ひとがしら|ひとやね|ぶしゅ	部首	675
𠮷	つちよし	吉の異体字	394
𤴔	ひき|ぶしゅ	部首	560
𦉰	あみがしら|あみめ|ぶしゅ|よんがしら	部首	529
𦍌	ひつじ|ひつじへん|ぶしゅ	部首	526
𦘒	ふでづくり|ぶしゅ	部首	517
𦥑	うす|ぶしゅ	部首	510
𧾷	あし|あしへん|ぶしゅ	部首	481
𩙿	しょくへん|ぶしゅ	部首	454
